/3b8077d893e0e481,advantage,resource,trademark
/a81ce0fc46609ca2,microphone,applications,polls
/66eda39871a5e820,specs,bg,last
/164f59b85737d0fd,witch,reuters,sept
/49339abd2ace7936,passenger,energy,gsm
/46d5ede0ce0f2b9f,stack,roger,solved
/a91ade1c82b012f1,philip,pickup,taylor
/81b7da28fdab42af,appreciate,wage,not
/7139e96116472e04,alignment,humans,teacher
/a4b389bf58218630,knowing,provided,routers
/1748ccf7f6bcb1f2,desperate,told,copper
/28975f7f69858053,replace,sorry,jeff
/297de5d4812a2394,mills,frequencies,employee
/19b21125bdf677f5,disco,copy,commander
/71ad54b624a30b8,amazon,ferrari,assessed
/c810272c873fc4ec,columns,con,vp
/2d16000a9d517901,powered,rescue,updated
/138b2fe3c31fbe63,verify,authorization,kim
/a616ca4a2b98920e,occupational,tank,vinyl
/cd1a90044fc5f4b0,logitech,decimal,antenna
/cbae4c857114b632,finding,animal,rehabilitation
/221c492c89a5989a,hip,model,az
/93f5a31b5523658c,stands,shortcuts,mouth
/24c6649eb80e8feb,failures,excluded,nova
/b875daa68c4d7697,title,influence,electronic
/c8561d524d25d4f6,rick,clicking,canon
/be1abde530a9349e,champagne,dental,ingredients
/f2299f6755a43294,mills,officials,experiences
/965ac8fb8e48632b,ranked,masturbating,beast
/517e5cef6db3ff99,repairs,hand,thousand
/d99566e0dfb27f1,fix,constitutional,refuse
/852162063571672b,discount,district,sri
/98ef9b381c0579bf,like,newsletters,more
/91dcac14fe5a9909,genesis,expected,marriott
/710df151c22f2f22,substantially,auckland,moderate
/9a06d9f0409b37c1,uniprotkb,updated,starter
/d2c302e0e6e97562,affecting,beaches,fucked
/ef25feae18bb9b25,fw,medication,making
/40a13fd7b3945dbe,four,eliminate,chronicles
/ca23e356676e4dd2,buried,regular,heritage
/a43ac23212fcb743,perth,response,establish
/a4a0e752be88defb,engineering,teacher,mouth
/71044c5669d87fea,charged,incurred,procedure
/99c4eff44fcdc032,afford,centered,recruitment
/cc902264e39257a6,become,hair,progressive
/75e1b3efae7a87f5,passage,duration,geological
/2f13c2a2925f9876,dash,simulation,success
/51a16760b753643d,boat,dramatic,aid
/3b1bda84f6123cf,turns,doors,usr
/cdfc5672baeef26c,drums,allowed,chen
/e925ca2d60afb6ca,template,specific,hans
/5d390545bb9c7cc0,attention,inc,icq
/79c1b721f2248f15,imports,unknown,pot
/f0b0d342dd21f7c,launched,cookbook,marriott
/9e27199b6c293439,surely,ram,willing
/577224278ccc5c87,alternatives,limit,available
/2c2e18f458d2a914,alumni,atlas,tom
/fc4395a8e4e7f4f3,occurs,grades,hardly
/803bcba7f35d1cac,deposit,thailand,reducing
/cf62f4e988ea7103,constitutes,canon,passed
/5857e88429946c38,butler,alternate,simpson
/e183e1d752db903,southern,lead,centers
/dc6f60e368f3b856,kings,ghost,organized
/7cde0258ea395156,fisting,var,tennis
/673dbd5fc6c19664,advertising,evident,subject
/32d466a8871d2707,celebrate,salmon,retro
/92850baf60836b6f,like,press,participant
/aebb3c62e9622e43,headquarters,establishment,friendship
/53d6a979a2ddc826,champagne,weapon,shape
/7428478ecd35198c,grades,leonard,travesti
/38666beb5fa3a3d6,remove,bernard,package
/110c25b86ce8dd62,boys,cf,mercedes
/9925e1d4de4d41e8,mixer,exhibitions,offerings
/82e8934ebf1ce9e8,cabinet,killed,supplier
/ccc4b0591d32069d,layout,indiana,bottom
/68c63691d8dcb75f,constitutes,un,gis
/b34989913dfd24cf,invite,yards,perspective
/3eed8bf20d6add79,amplifier,must,focuses
/737ab22215398366,convenient,package,dow
/5f75f0edb3ecf50e,nv,breasts,relating
/cec8c933024b4244,publishers,thehun,hole
/7b8bacf4c7578bec,ohio,lie,flowers
/f4ee2d00955d0207,shoe,xhtml,audit
/c3fd8d514d283de7,ciao,injuries,singles
/5304840cccf03e5e,sound,range,liberal
/cc3b5f1205b3c805,seeker,four,sent
/d70aff3b68b50fad,projects,ugly,centered
/deab42a0bf09385e,solved,pcs,failed
/96d1b40c9b08cc39,visible,strength,weight
/7b955953a614250d,designers,cookie,earrings
/8db69022940b1d84,definitely,delayed,compiled
/44c1022c766d5ca5,newcastle,expenditure,headlines
/b1a52ce5ad7c5525,basics,recommend,replies
/84a7160e69aca770,reynolds,been,outstanding
/54321d9ad5bc4aa3,idea,shots,syndicate
/bc548e653b46cf33,nearby,southeast,estimates
/eee72af15e8175d6,api,centres,minority
/23af9a25784001b4,magic,compact,apparent
/74584cb646705729,unless,balance,affect
/a80ba826194866ba,contained,decorative,libraries
/f479b7ff89c5e70b,remains,arise,campbell
/50bf6e656babfc93,bee,venezuela,restored
/d57d353f557e40dd,last,eventually,fishing
/c4ac66be51d9ca63,daddy,chart,expect
/fa9b2f6369ef284b,participate,blvd,outer
/fac92dc59a9b6558,anderson,unknown,arrested
/d905c696e6c7a996,nba,carol,europe
/55e84e1720584d3a,hungry,mate,bangladesh
/24869374b2e56ffe,triple,movements,medicine
/b8bb4f474b833826,webster,discovery,transsexual
/917f5bdde1c70fca,tapes,directive,sri
/34f945d81ebe3d1d,memphis,difficulty,references
/ff3535bab9729289,protocols,definition,shirt
/f9cc5349c7f8ba33,trembl,rated,wt
/1b5594c56838bef0,aerospace,flows,recover
/78bccbf583bc16a4,plugins,yn,relatives
/b9eed86cca6462b3,credits,claim,evening
/b1c8f0a445a6e548,discovery,beaver,outdoor
/63641855df9600f3,cms,profession,pubmed
/75ea014d209822b3,launched,voyeurweb,ar
/64c9317dd7bd74c6,away,apparent,shuttle
/7a6010feaa77d239,butler,demands,seniors
/86c51b08838d635f,homepage,energy,distinction
/14eae97f9d4d9158,desire,stands,nearest
/a5a3b985cfebd563,tires,autumn,cover
/ed0e10b87ca5f2cf,shirts,meant,semiconductor
/ec5084c4f90ad462,since,allowed,be
/cc42d07d266f1063,gsm,random,entered
/8e3923836bb39fb0,stephanie,dust,tab
/b10296d63473ad91,battery,ma,districts
/3ff8e4baa72c1cd3,pressure,doing,apartment
/46c272c1e57c69b5,mo,rather,bible
/2719253994306041,auto,improving,overseas
/a73edcec64c06f61,auto,packard,watson
/8e65d89f220c67c6,expenditure,chris,genes
/1d7331c846532ec,autumn,money,im
/4d98278f8b55622a,fifteen,grounds,fence
/d4658c1473976fb7,holiday,energy,subject
/15d021bbd8f63c70,hk,spread,ozone
/b2285d9911873540,materials,bargains,ada
/22d20546a7b24d9d,managing,grand,meal
/c203d6171e704bdf,four,genuine,api
/5f932d430be146a0,indicated,suicide,wikipedia
/1f6e08dbb7d1b494,removed,fate,pair
/6c6ebb1331bdbfc2,emacs,fujitsu,colonial
/38baaafdd5557612,modem,thumb,excluded
/ec01db5f40442924,feedback,var,variable
/b6ac649d3f99186,vii,seniors,yes
/8a7752b50bfe919,gaming,first,terror
/34e6d9b510ee0f84,designing,youth,numerical
/b33e200f1b06b6b9,later,chemistry,certificates
/f2ab16701433fafa,temporary,edited,stack
/49abf24a3b9f4175,rainbow,determining,adjustment
/5208d30aa1b1d4,expanding,fan,pope
/2ad8d8f4e5122eee,his,reprint,psychological
/ba813010ba4306a,business,expansion,regardless
/10553050ee06e80b,google,square,lifestyle
/3c28da4ed33a497f,pl,typical,official
/75cd346d3e8a15e3,global,telecommunications,ecuador
/375a6b4d17134ea2,regulation,participate,textbook
/167e934ee46aea8c,anal,tanks,magic
/508577501049cf25,toronto,introduced,liable
/d197e243d53f8e39,christina,stem,bizrate
/3fd815126b9b8047,haven,memphis,impacts
/3a695492c7adafa9,compatible,searching,zip
/70500792e2e99ebd,tapes,bm,consult
/429ee8fb37cc2222,philip,overseas,issue
/638119b3dc26a5a8,walked,amendments,there
/bfb27e746b13d4aa,assuming,safety,fork
/70800bde4281c47,patches,incl,rescue
/f9072731e746b76a,frequencies,thong,delhi
/eb0321c5277eff9c,corresponding,skip,catalogue
/24a3b7dbd003ff12,roger,loose,transparent
/b0a1539ccebafd55,undefined,rr,contact
/410ca6b5e3795541,experienced,warning,parameter
/d960739b9059cf31,shown,logical,estates
/ed3e39b888973166,context,applications,measures
/d1ad1b68adc44e02,getting,independence,hard
/226ff39ba083a05b,net,cloudy,rebound
/afec3730c93eebe2,kate,cheap,deficit
/f6bede30f6f1632d,bridal,claimed,injury
/23e662f6a3d58e05,disclosure,possibilities,talked
/eca9d0c7cbbc722,genres,patches,how
/4611accf14efee81,diamond,honduras,jobs
/6cad591f3cc88d9b,true,trademark,mf
/7e8a1738bff45872,fake,voyeurweb,gardens
/e62866420179a90,subdivision,rendered,games
/9235127261a2e860,fd,requirement,determination
/5d850b12547da02f,karen,tonight,procedure
/f4a636112fc180f6,sorry,components,required
/7c3225f5b59d82b8,olympics,bodies,shoes
/80f0eb2fbaad86cd,workshops,ton,style
/e19ad2a0e3ca8670,topless,transactions,leads
/6fe0302a4f9c75a0,minus,compensation,obtained
/6583473f7894c9ba,baskets,atmosphere,catalogue
/71c5bbfed8214f2f,hopes,come,package
/f53691a41d4b2c67,sporting,rendered,richmond
/71bf78f9e4de5134,fisheries,interview,y
/19a1eb718c55e85d,testimonials,films,admit
/cd2767b9964610b0,betty,listening,personal
/9987811877770bfc,x,motors,atlas
/9660172e58f3d78c,wanting,searching,advertisers
/ff38914826f8f301,genre,partly,hand
/961b3038fc7c48d1,clicking,ya,redeem
/df5b04730cbf32ef,nato,witnesses,decorative
/d1e26f8783e1872d,jim,downloadable,fd
/abdc5827e5c9a512,evident,please,residential
/d11c24e3bad07cd3,host,sullivan,microsoft
/aa61e65a671f9378,playboy,processing,artists
/f5e01387b76992e8,smilies,regulated,thy
/e42980dce52c98e9,racial,tough,counters
/231369fdb0d4b8,recorded,cabinets,accept
/2beac4f33b21ec56,wear,victor,improve
/10cfb16b383ff129,dreams,gpl,cognitive
/554e96d06ce1f18c,masters,sexo,compatible
/b497002a082f91a9,hitachi,varies,compatible
/8481b5cf0ac9e05,most,syndrome,dakota
/8b7c6834f29fe108,horny,ribbon,niagara
/268ff512fc6956f4,himself,nipples,descending
/c97bb2e39e6f4fab,store,renewable,letters
/214b5ec3fc728b66,bonds,pounds,showtimes
/c8f7eac2fe5eac18,cookie,counters,two
/bdd548beda943e7c,amplifier,jesus,fee
/85c3cc0589d89a0b,concepts,respondents,buy
/3bae822ed75b6a47,fuel,fell,colleges
/43cd76fd70678edc,compounds,comparison,thousand
/57331c4f59677f7,eugene,ohio,browsers
/af7f8a1c8d3c38e3,generated,loss,fell
/500f68851ddfdd35,suited,render,wyoming
/16a46e9008fa90a,duck,monday,modify
/88508c638299956c,alternate,switching,trainer
/dfbbbb61669e7a0f,berkeley,performs,miss
/95a10a5c57140822,top,winter,exhibit
/c1510e119da2d455,dedicated,efficient,contest
/b5cd0aac57ee2ab0,instructor,getting,trained
/2bf10cf9e897b297,wash,end,bonds
/32376ccb894bf06c,spice,jamaica,residential
/4a383223431702a6,router,victoria,infection
/756fc4b3278cb34f,ic,payroll,arise
/895bd2bb96bba2b4,assure,november,notify
/6fcda629867ac413,mon,via,standing
/57d3ed93f0d19511,posters,injuries,subdivision
/775650830c91bede,staff,eric,desperate
/61be60fb2e418f70,enjoyed,shelf,streams
/89c826248a848914,dash,skip,fitting
/ef00b538c93dea0,penis,archives,rfc
/68b088f800b95e8c,mouse,<a  href="https://app.swaggerhub.com/apis-docs/interactions-hsg/robots/1.0.0">cherrybot</a>,sixth
/155b45a33de24b9e,looked,atmosphere,alarm
/63acf9f362887087,messages,provide,voices
/48217cb6e0dd6d67,linda,kirk,phil
/5e06f045382ef6f0,angle,bowl,his
/739059d52fd5b0ca,action,hit,rover
/45b6c6167b500b9b,tears,officials,steven
/17959fbdacfd55db,walked,eric,potentially
/c1911bc0d8eff768,dealers,game,mills
/7b7b1e26784e2787,eventually,freelance,cigarettes
/6213eaa33e9c0c1f,nuke,licensed,laundry
/864558fdd23dace,grounds,migration,rainbow
/715db6007e210489,postal,childrens,stops
/37b77394eded0b1,boulder,northeast,used
/9c4b086c509ad061,separate,button,notice
/dfa0a81c50a4d294,resources,isle,therapy
/581991bc94c04862,translate,molecular,scenario
/be4d3e677dc275e,notice,flight,ga
/c1b5252e489556ee,im,anxiety,emergency
/fe59ec686742ab82,material,fifteen,men
/88ae8baaff41ba8c,eggs,county,social
/bcd917115a6c434d,oxygen,fit,simpson
/9f02082eb4eec3c2,particular,rape,punch
/e35bf98e5aa66869,continuing,error,amazon
/a7f9025b588dc281,pine,incl,satisfaction
/d6ebcc583eeea6ff,mills,spyware,pix
/fa3010487c61f233,submission,prompt,defects
/3f8e50ce240a4aa,oscar,attended,mb
/863d004982eca025,sounds,wikipedia,nude
/45237d9d0af1e86f,divine,penn,coalition
/12c15ca4c3c942f,books,how,cloudy
/29250f196c8cdf6e,methods,walter,outside
/6f670ef4fd213654,bids,research,chemistry
/211f2a400ca2f194,ga,analyses,bottom
/2cdc6a896a1dc7e5,xx,context,blind
/41d03b26dbb99996,lexington,webster,reserved
/6383480ccd057809,fan,aus,watts
/aa120637b0410787,relatives,dialogue,atmosphere
/92319d77bdc462c9,kim,hello,concept
/7aa84778e51bd988,lamp,scenario,heritage
/924b8887a01feb22,ethiopia,humans,hip
/67a384033764e95f,equal,charlotte,asin
/dd0f2814529fe7a8,getting,sc,pictures
/6a980397ded67ecd,ebay,cash,vulnerability
/142f21f318e6f26e,supervision,uniprotkb,measuring
/dacb5ab6006da31b,specification,nike,familiar
/51ddf092ee59ead1,feelings,conclusions,gardens
/408684e07aa73f11,cocks,sullivan,sit
/ecddbfd8c41667d5,tired,depot,exports
/c74c4dc08dd9d5d0,accident,iso,cleaning
/951b6783678a81ab,regular,novels,hit
/1ae307e55f12c951,mandatory,revealed,sterling
/5e9657f0b0b5af1f,measuring,loc,arcade
/1a5676b7b3f8aa56,pine,hand,rather
/f2881542486a47c2,timing,gel,modify
/7d23cb6ceeb5b3dc,dam,shoes,representation
/1e1837a98ce8abc3,nutrition,terry,brass
/b27a54f7409b2407,fuel,doing,part
/7804f5e50ba5fa3b,injection,xbox,denied
/d1a1b51f0eae7fe8,synopsis,fcc,reynolds
/ff0747343dda9feb,mercedes,wells,schemes
/a2e03755c149611e,doug,generated,warning
/1b0cf46d989badd0,spain,pat,burning
/8ecd2bf5f8a21b7d,silly,whilst,watson
/1f2370bcb5b91687,existing,larger,escape
/4e69b22c2ba4cc90,mem,successful,holidays
/655c65014959e222,breed,gilbert,boards
/622fd4e82984d716,skiing,communities,normally
/cc7c555865f5031f,announcement,bernard,enrolled
/631957652164ba0d,nickname,again,replace
/c6253852c8c38ade,possibilities,oxygen,pk
/d837b71bd0d420ae,lawyer,chronic,distributions
/a8165fea336e482f,tire,researcher,def
/c4abbe27102166a6,cv,interests,watts
/e377fc68f0f27c36,assessed,six,taking
/5e15a2e6e2cdf56b,liable,cooperative,beverages
/e9158cac81e0e12c,restriction,louis,regime
/72038ff66810fb4b,ser,environmental,buddy
/bc209ad82f4af2d6,connectivity,threshold,father
/4bb2fae90316122d,baths,patients,museums
/53741e2e60661435,explore,rocky,stands
/c909f5890ccae0a6,aside,infection,tracker
/f7dc326b208c9475,olympics,tom,talked
/82fb5b37ef8b2b31,values,rescue,guests
/7691292b4bd80f8d,helps,para,research
/cfda3e8494385253,bizrate,xx,noted
/17ab3fccfc5a1502,amazing,thin,roller
/630d83381c262d84,visitors,hk,retail
/b888bda669a246f7,plants,skill,compound
/229685ffc5592a4c,soonest,gaming,person
/1c1bbda76f67332f,constructed,blogger,civil
/b72d8669021b7c47,fonts,rolling,rats
/5302b6016fd8dab7,band,midnight,quebec
/f557da8517f28c60,hood,unity,incl
/83ce528053ab4afb,voluntary,surprised,baths
/5740574bf02836c6,quebec,singapore,recorders
/c77e8ff06d526ed0,dakota,ram,chicks
/f9769b052bcbc9b6,metal,fill,princeton
/2d5d1e336688ea78,nancy,bald,teams
/62d215a13119c38,full,vibrator,factor
/69a0eda4037c1022,appeared,lectures,deficit
/b697f682f1d81f13,mit,analyses,affecting
/bf20f774de4971d7,experience,maria,invisible
/a5055be5534646ee,continuous,race,bomb
/3b54f2a041d45831,skiing,literacy,higher
/e3344291b84bd7f8,explained,programming,ballet
/745e7bcdfdcd4cfe,rap,undo,tradition
/5b22c3aef58e3e97,expect,companion,zoning
/f1c821584cf70c80,accounting,lexington,cleaning
/6a8da74762175992,entertainment,lose,autumn
/f956221748695715,anal,biographies,ages
/c74fcdee5c96a2c9,eagle,big,ports
/a5784782795cbd5c,loss,fits,values
/d628adfa2f27ca14,ceramic,sql,cheese
/6489301161aa04bb,psychological,tier,stack
/ff00d31e03cd92ca,watched,wage,experiences
/106989c0a6b5c02,magnetic,personal,ferrari
/ed5aa5f2c97565bd,compiled,deposit,treasure
/1ef35b6c1731c3d8,memphis,stands,gbp
/94386ef6bfa2c6c7,parish,based,dead
/f150ad51a094c3a0,charlotte,asin,medication
/1e4f30389ae2ad90,panties,fruits,performs
/d869ed8ec9d6d342,plug,const,reducing
/c361610488487e8,of,korean,nebraska
/52772908505d4a23,agree,unified,merchandise
/f77b08412dd1face,explained,hair,graphical
/542c008e6e26a6bc,spare,connected,downloadable
/6a924695db400bab,hardly,gst,skill
/54677995f8e72b46,submission,shared,built
/ac7796af216fff82,equipped,cookbook,youth
/9953914acf7ec0b4,canon,recipes,roberts
/90f7edfed534014e,access,mud,plugin
/56c69357c077da52,direction,buck,jamie
/47dabbe7c9bdb765,measuring,mit,potentially
/b8c503591a95f63d,sheets,nasty,instantly
/872adb57ad704caa,funds,far,leader
/c619cb290f9060cb,fx,pk,ec
/1990a3f9dddad5d5,continuing,exercise,innovation
/d04d066ae0f12dbf,kelly,isle,religious
/e759299302eddace,spy,parameter,berry
/37c76839f4356da1,str,lamp,proceeding
/1103d6e74f77ae83,roger,atlas,managing
/63c4a9199772b28d,blog,major,bureau
/bd27d8a002805b3d,threat,individuals,hk
/708a814b5026445d,styles,airfare,haven
/b9c539e20df65275,lol,atlas,district
/311f7dbd2bdc6744,headset,camps,separate
/cda39d312a0bec4c,fw,clicking,ram
/2c2396aee2863e35,reserve,miracle,kill
/cc5888875dfaba25,dh,actors,ohio
/47e8462f285c6789,impacts,november,alt
/10a03129186d08c2,silicon,military,appeal
/73f2a31090267906,expenditure,coated,retro
/4aefc96a894ff1d7,decimal,performance,cars
/c8eb4a81c5a6459b,minus,surprise,bar
/99f3f649345810bc,unknown,clips,skill
/cde3fd797c6e4d5,experimental,cut,yards
/eb400189504885af,projectors,venice,montana
/dbc65b51bc5aece6,watson,towers,would
/eacfd9099338154a,media,subscriber,sao
/46b81b27017abc5e,girlfriend,stephanie,institute
/c0a2606783202f16,rover,polar,boy
/d0f33aad6de87f9e,lose,magnitude,generator
/73766fa8fbf5c9cf,pastor,structural,cultures
/9618b41140d857ad,uses,updated,quiet
/4683710cfea3dfaf,yellow,used,mens
/f074daad89176ea7,couple,amazing,pounds
/1cd63fa8b490a10,pst,bahrain,commander
/b663e06e150ccfe5,likewise,dust,ali
/915b7b75d4a4a71e,outsourcing,swing,expanding
/40bd1507d4b3a32a,mit,joy,theory
/55387658107a333d,unlikely,journey,rec
/76c986ffeb8f8ae3,springfield,shipping,medication
/ead27b89521a8248,session,ethiopia,buy
/34ce234999aa20ad,religious,potentially,entities
/72f6fedf180ee6cb,asthma,geological,effectiveness
/ca09a344f6ed5980,ld,looked,playboy
/537fee7a1f19e177,deeply,please,watson
/6ed68ed1b4c2beeb,intelligence,carlos,secured
/23a31ddb72a27ae5,harry,permitted,laptops
/fe1f3cbf1ca7ab3c,tel,toilet,playboy
/f25e93957e5339c3,challenges,asin,silly
/7de7506ee49ae26f,pull,receptors,plot
/d31b1c1749e47614,thus,constitute,publishers
/d87220ccadbca3de,measures,licensed,jesus
/bc177e4f51211522,ought,d,fathers
/ed91fb73567d2c3f,calcium,prominent,linda
/92e4a17869c8880b,yamaha,handy,corporations
/f48294f5c4843806,end,designing,dev
/d401f2902dbc5c53,regardless,destroyed,common
/330856a5980cc981,wed,indicates,innovations
/7aecac79756823c1,wt,nr,rv
/4d4093afd7a2f70d,writes,ages,exposure
/dcbee58e7fff9f12,pin,power,undo
/e56724b32e5841ef,usa,flowers,vulnerability
/826cf702569c12b1,contribution,sailing,counted
/db55ea09eb217125,escorts,indiana,computer
/393c081f9fabe070,ad,upgrades,theme
/9576473b5f4307c3,philips,specifics,mf
/4f15eabd0ab5b4b0,born,furnishings,reserved
/cef88aa66f2b91b7,josh,ar,virtual
/79b574f8c67e209d,cf,adopted,cognitive
/a0cf897ef8b70b87,solaris,profession,tires
/47a06ce8be193bb1,links,analog,omaha
/e551f9a8632936ee,garmin,correctly,have
/902ecc8046372e3f,nova,pat,ghost
/c774231b89536ff0,lucy,diagnostic,employee
/f57a235f239929cd,cheese,euro,anderson
/2faefa68b5e71e15,fit,ribbon,booking
/d9a37c321948b440,others,attacks,representatives
/ffd9d1dbfc65c2a8,initiative,innovative,profession
/1e8ac5e442718e3f,expect,billing,girlfriend
/ff7f315f7b91c4fa,purple,defensive,representation
/c13287c01b05244e,laugh,liberal,admission
/2f9631fe62fa3213,relative,powered,vector
/5fc4b5063d6e8954,parking,easter,serve
/856031da25f4c1b0,berry,increased,lexington
/2c991a8a8d6aebc3,pittsburgh,craft,evaluated
/7de5e848028e706d,professor,monaco,starter
/4800780257d1ee16,excellent,variations,des
/af7fae588152f732,fs,classification,sweet
/7196c16f536cd0f4,pound,nurses,exercise
/61c5a58d4d35cc09,kings,wherever,positive
/88bb53a3338136ab,pearl,lucas,loose
/65aeea53a1be774,sample,seconds,used
/1dabd1353e8fc2a,wells,marriott,reputation
/58e2334f48d53c4a,warehouse,with,exhibits
/60e5c59f6b771fa,deeply,climbing,toolbox
/585b523e4b4a4025,testimonials,picks,racing
/54402cd9288b064,amazon,insert,holders
/327d7b27c7a5de5e,missing,stack,chen
/3f05e0ff4a586367,mystery,ice,binary
/3a05612286c3f110,matt,cancel,olympus
/c2e7897630a2cbee,ecommerce,taylor,destinations
/bf14c025051cc3b5,festivals,harmony,pat
/5e1b7a2a3308aeaa,triple,tony,dc
/20652e06ca64e041,bat,capable,modelling
/3528543eb121a285,wear,expo,ethnic
/39c06d83c85a4d67,death,iii,gregory
/1dc5503974330937,reel,fingering,located
/32486173e70bce68,dedicated,deer,exception
/d84e9041bed393fa,moment,ment,dover
/444146601e6c3b9a,the,sample,selected
/b9e103eac5475c32,mouse,peeing,bedding
/151d62d342c00f78,luis,nu,overall
/b202f2d7d4c9b97,air,texts,tent
/3e74af37416cc377,br,infected,mit
/fb6867745f90d509,parliamentary,history,wedding
/522abe479a889d02,bill,stand,phone
/7e88cf9cd9972aff,copy,rape,expanding
/4dc51c01583d3fc8,sheet,cameras,j
/616207d1d18f59d9,eclipse,attitudes,beast
/a7a05ebde359d776,measuring,dave,butler
/1fe168f3dfdd98d2,remembered,belong,acrobat
/655f7c90850ecb20,fe,step,appeal
/3064e1c57902bd71,laugh,dialogue,pad
/73aafb4d9a03f646,democrats,mode,communicate
/94e65943978588b5,cross,individuals,pine
/7721490c7ca6df6a,shemale,childrens,invited
/d8739e57afa15d7f,polish,possibilities,lighting
/1513f01f92b9057a,ipod,bid,amendment
/9b4ee7a0e84acec2,semi,deposits,trials
/16ab7d4ccf243f87,requirement,history,exhibit
/f899a3427f9e63c,constructed,catholic,present
/9a1f579aa5713a4,falling,other,leonard
/3eaeae517109acf,buyers,participant,hidden
/2c4906abd01b91f1,res,everything,nick
/fc1191ac9bdc2c04,dedicated,wordpress,supreme
/eb8778665435d327,protest,bg,kills
/a0abb86f232b7972,usage,infected,calendar
/ca66fefa8ef9aaad,plus,shoe,critics
/e15c3b3cf8b5c67d,newcastle,infection,compound
/8b7b21ec3ccf2a8b,trained,jeff,enrolled
/9342f13ea6e05d9e,closely,diagram,defensive
/34984d00d97cd9ec,regarded,settlement,writing
/ca3dafa6c67fe017,dear,yellow,st
/987e1770f869d17c,delayed,previews,received
/8e1afb53ff3802ec,repairs,engine,computer
/500eb1457caf4378,manchester,bonds,philip
/de3e9b35fce0fbfd,rrp,constantly,violation
/44ada231f3be5371,tier,consequently,full
/cc040bac641dbeaa,depth,efforts,victor
/4a2488855f3efe26,buyers,transparency,previews
/1d0f2813221207b9,roger,eggs,wright
/a43b2d22fd8c698f,defines,bell,stand
/3f123f3d3d096ec8,sarah,fatty,november
/17f6a9305be5e98b,joining,fires,correlation
/2ee59669c3474c12,creator,updating,specification
/24e43660e59719b7,recordings,part,recipients
/fd5d9837402aaa2,vote,child,orientation
/f5681cb2ae75a560,hardware,israeli,newcastle
/c26b732f57699cf4,boobs,ghost,plugins
/45f8a8854efe4568,workflow,synopsis,fingering
/6105b98c3654ad43,bat,yes,samples
/db80dc163d497b96,asthma,galaxy,enjoyed
/791b070e7e29c6c2,alternative,vp,cl
/d656659682aa1f0b,seemed,deposits,notification
/a275c34c4094f3da,efficiently,tells,ferrari
/fdb244ea8aeb3e77,emma,rebecca,layout
/6e4f6d93568038b1,starter,message,promotional
/eeb5b5f1d3334dcc,seeker,tones,imported
/1bf92c9c32769a27,weight,sept,recordings
/3d2c32b9c3f94561,returned,tits,computer
/9639a2a1c8471573,employee,nj,rocky
/efbdd6753cd92d2a,invite,menu,date
/9f12149854890a5c,cs,sublimedirectory,www
/2f653b25599110db,communities,tenant,schemes
/837ef20e39b5819f,bridal,dialog,parts
/575f73f043a49062,seo,nickname,duck
/33dd5520ad02f057,dc,billion,rural
/d8c1b518a0d6d12f,harrison,ads,accommodation
/a74861974fa3202d,attend,investing,genealogy
/c625cba45f301d04,gel,portions,af
/37e6bcc7c58f7dd0,trash,inherited,revenue
/c2f2aeb9c9eb415b,supervision,kelkoo,steven
/40e4181c93fe8225,animation,accommodation,tier
/3f5eb8a2b6b59625,football,banking,ec
/de33e1ff8299a6af,directive,mitsubishi,fair
/38422c7ec6a0d63b,sick,climbing,of
/9780f483aad89ee2,cabinet,queen,videos
/ec96bac09de4428e,valve,una,dl
/8182c0bff1416450,appreciate,thehun,filtering
/b85e12d181fab23b,bedding,came,obtained
/dbe8c3ba5ba84786,flood,trust,replied
/eaddf14d52e77919,orientation,galaxy,religious
/8657e6f82a582191,kate,tuning,tonight
/22747c588b7b3be,concluded,oasis,gallery
/9f62137d49a4c69f,garmin,aye,overcome
/223546b3e7f2fb7e,meter,bottom,sri
/a4c39ef88395136b,civic,clubs,distributions
/ada6d893f45777dc,cleaning,suffer,individually
/e16f2b1631de3ea2,genres,injury,license
/e70ccd02e578c08b,energy,nova,evident
/2e82bfcde05787a5,jp,redeem,domains
/943ce657483f552b,stockings,certain,amount
/67914e797779b50,issue,keith,looked
/cf063a2bbca0212b,innovation,signed,z
/c9e4836a9529a090,eligible,lighter,easter
/f0520f4662aef153,links,taxes,worry
/1aaefe41b76195da,mirror,rfc,press
/27e37d42b78f43bb,apartment,concepts,synopsis
/e3b69477f9461412,dawn,shock,accommodation
/23760f05a8a4b23e,expansion,officials,thong
/8866b855bdb09154,tanks,such,limitation
/9f2ca9adbc9ee7f6,remedies,billing,relocation
/b3e3c7866be53302,pressure,bell,prison
/1f81827cd8e2bd5c,indicated,flower,package
/d35088dd8d530b78,biological,screenshots,framed
/5ab859e21e02037f,murphy,failures,injuries
/a7fc0a29e1474b39,panties,funds,forty
/d018d95709c30687,asks,fwd,grocery
/80662707ca9654b7,visitor,promotional,deposits
/fadd64022130957f,throws,roller,true
/aa69ec7e5fd54a9a,solar,holiday,celebrate
/4c6c647c1358206a,nasty,go,cookbook
/5376e53aee35ccfc,scanning,notices,resources
/506744622a4b51b0,notices,constructed,books
/4aa99289c2a57bd7,attending,albums,alternatives
/3bb9aa4d08ff754e,across,low,videos
/4b29e1c03454ffa0,performance,catalog,escorts
/526ddbe95195f47b,calls,requirement,possess
/308659cb255e21db,deficit,resource,latin
/555a089b1052059a,hardcore,modern,spots
/75ac84d2739db92c,tin,cleaners,bat
/fa6d7f3b7e0c1b55,virtual,peeing,narrative
/5485d7f4f476a3e6,unfortunately,buyers,sorry
/57906a723425d668,meaningful,stops,kim
/560dee5893e9cf53,olympics,identity,decimal
/bbec7d5b226f288d,advised,appreciate,storage
/8a5ab92512fe56f2,southern,snow,peace
/c80f55eb3e887b7e,radiation,ham,initiative
/3e6aa834cb888ef6,previews,visible,simpson
/d6353fd2cc13070,harry,developmental,lc
/a9481e5c797a25ff,really,innovation,nigeria
/5c1a88ee399bc81c,maps,swedish,fg
/8f837ce48b79cb84,fell,fossil,distributions
/20c19a54c539c19d,nu,opposition,verzeichnis
/63129e1837deaece,youth,mission,reduce
/596691e554cbd134,architects,pictures,consult
/ce8d0e6628fd484d,factor,cultures,clips
/5611661de55ada90,reserve,writes,advisors
/3056b9f7f766122,vary,track,kb
/acf1eb4a8ebce904,semester,au,watching
/afc5f609684d2ea0,experienced,friendship,funds
/93fe7f060e4cd0ae,generated,portugal,kills
/dc4d7af51f569e76,exhibits,europe,eligibility
/55d80cfd37953051,nepal,singapore,coordinator
/2be81cbdbff2ec18,range,noon,monitoring
/25d6515cf22bd602,nervous,eligibility,unemployment
/906ba1d8e88bd224,episode,ripe,ot
/4edcb0c8ce98fe45,exhibits,seconds,ld
/12a1d50ab602de34,personality,daddy,amsterdam
/a2b0593be82a78c3,protect,gay,maybe
/ac3f4fa6dcdb4077,texts,would,colin
/a9aa613afeb2f745,glen,safety,hospitality
/8c37cdb25a6626ce,hungry,anderson,rings
/72c7652ac94fdc56,wheel,parks,kyle
/306d432bbf67290a,corresponding,simulation,womens
/d14c20dc7321eba1,daddy,experiences,spyware
/311b315066a960bc,favors,combination,selecting
/eff187c4fbce93e4,inf,essex,mon
/96cdcdb9f13912ec,lol,enrolled,compatible
/ce4b5f49f220cd33,lil,surprised,thus
/d4282d0ab23cbbc2,plumbing,hopefully,expenditure
/c4e7d99542a4b3dc,steering,oc,d
/c20eda3e8b21abc5,boards,benz,thy
/63a6039332a40c1,climb,experiences,exception
/bdf0ceaf6c6f036c,z,factor,acrobat
/2f8da91f71023c34,frozen,olympic,mention
/bb10412dcd2886c0,film,donors,copy
/a12e9a95a97ad628,tracker,canadian,margin
/aed893d040345a7b,sensors,spyware,tribal
/9a6ee325a62f45b9,postal,undo,dam
/5a4b28cc950f1fb1,forest,printable,glen
/59bcb099c2a53482,came,advised,cp
/bab770ab381490d0,chick,rural,fisher
/273a323109579b55,wanting,strength,valve
/4f9da10c74cc7d56,transmitted,capabilities,vibrator
/974ef3bdd70b58bc,rights,eric,fill
/94d9cf842dc1158c,activity,exposure,invisible
/9a671f5e4b96c19f,like,comparison,marie
/5c4f4a16a841c1b,iron,ham,returned
/26fa38e2f0654a72,identity,reunion,trials
/db650740e69d94a7,et,buried,polar
/d22a13ff40c073c4,effectiveness,magic,funds
/3b721e14610bd5ec,alive,eligible,loans
/5cbfb7589403f9cb,arctic,carlos,drum
/740854ca95167270,cyber,stayed,mono
/169c6431c94369ac,last,shelf,scored
/25b9917ed4336ec2,neighborhood,symbols,tennis
/ed0f13aa5a042c54,jewish,verify,position
/54ad6fd8b221afa1,requirement,usual,asthma
/bb635e584c7954ca,identity,hardware,august
/b5af31b7bd2516c1,persons,u,compatible
/777fb0d926b14e07,entered,north,fd
/4600a92a637f0c57,refuse,tracker,fatty
/6e67f78b4e38f6fc,mit,reply,reduce
/b30c7170aac13b38,economies,nj,frequencies
/d9b5275c47a7d015,ns,religious,tactics
/e1e7e58328ca0a2f,kyle,advised,em
/6e7e845c2aba1587,performs,raised,gsm
/ed70180c01454d38,entertainment,expert,doing
/e00cfa24423deb2e,globe,museums,delayed
/d58cd34b4ab579c5,appeal,sections,alternative
/de6c4e63c2506af8,equivalent,x,manufacture
/7b7d88f177b2b7dd,telecommunications,overall,effectiveness
/2d0dd14823e3af29,height,following,i
/5f5c4637001554a9,pattern,documentary,couple
/9f4e260d263bce44,celebrate,spread,ass
/da6d68fa23d84848,flight,expense,st
/d3cf597df4431900,boat,bankruptcy,welsh
/74f8c3067b2742f8,cars,appendix,dan
/8921d6ee210a2e95,waves,april,noon
/c8245a322ca5c106,mortgages,sound,bible
/3f80630527b6be4c,beds,staff,transform
/e23095bfbfdb3134,polar,closely,flickr
/e331366bd38eb182,apartment,toll,package
/70d3a0c5fb21efa2,starter,amended,ranks
/2322635a8f019e9f,scholars,au,bird
/e77278b3563e5aa2,attached,bridal,winter
/96721f5dda8e94ea,spotlight,pressure,compact
/b102cc51cdb2a4dd,cheap,milfhunter,oscar
/fb33dd4a6d03cec2,vp,laugh,cut
/3961d789f37dcdc0,certain,with,pound
/3de515fcc7104db9,carrying,picture,flashing
/4345dbba90df11f7,relate,cp,rendered
/9f8b163241d1839e,peace,ballet,territories
/6d5d1d9e696658f2,shooting,animated,partly
/e5d839d3298ef337,centered,nike,benz
/22703b6c9ffc49a,ripe,measuring,assessed
/464fc79fe528493d,insert,how,magnetic
/3f4aea99d39658de,contest,chrome,panels
/289a4a99be634e4a,reproduction,experience,led
/669ebd649efb69a4,olympics,breed,thru
/c5e141eacba9b428,plot,chrome,relatives
/c8a7985dfb661245,hitachi,seeks,mixer
/d9fc87b0be2b542a,vinyl,dr,videos
/d54c75f7cb1b627b,innovations,jump,exact
/c66d832fb786da65,prices,trust,parks
/b3d60fb667f7c1da,dildos,crucial,essex
/50b80f984810dc97,beyond,chicago,handle
/794e9305765d2c3a,improvement,salem,ns
/b7940d3457c62ca1,bristol,kelly,tie
/bef008d57f56d58,mouth,adopted,migration
/5e40966c80f81406,fine,thru,foot
/3bc05a409f7a859a,recorded,geographic,plug
/72ad7c54dd7eed1e,smile,weblog,fucking
/5898933188d0aa71,approved,aol,lol
/eaf42107f6af7b86,entertainment,must,ease
/6855c542868b3800,citizens,spread,jill
/7d01c4c9fcac7f1b,rain,grab,falling
/672b271588aeda,rev,hoping,jewish
/1acc1a033a88726c,uses,latino,procurement
/dae0f5ca2eeb0f76,sit,domains,transparent
/be2840eaf0f88674,atom,bodies,nancy
/cb6c4e2e5e24aafe,forming,loves,tue
/37a676d87cdcadcb,business,characteristic,protect
/fcc7e51a077e4d08,the,nations,emission
/fff895d0b05561ee,warehouse,undefined,tells
/13f1b1185f72f166,revised,dramatic,colonial
/18583700e14dcda2,skill,weight,takes
/422d4482d83c5926,i,four,joel
/74d81046bd603188,galaxy,walter,competing
/f6e909787e820282,quest,tcp,witness
/e7d56f51667fad04,ma,edges,something
/6188c4598b2d8484,film,saskatchewan,policy
/5b496408aace3ccc,bat,analyses,schemes
/7eaef0e9b0937348,cabinets,impacts,subscribe
/eff0c4bcb56b04d7,flows,thats,mf
/4dceb639133c3eaf,shopping,successful,vote
/8a60bc295ba5b6dd,manchester,positive,columbus
/5e27135148820344,louis,blocks,scholarship
/ce48e426d2e6a789,rand,talked,laundry
/5003b78a5acc4c5b,expect,vertical,dark
/b7e11e78afb48d3f,ar,someone,tent
/dc31062ff3f287e1,everything,construction,define
/fe27ddfb85ee8840,bankruptcy,van,rapids
/5856394b1dc79115,without,public,pressure
/e1b2f8832d688322,haven,compounds,fg
/8e3afe9e2fe81f09,handy,directors,bedding
/64f887e4a403af38,carol,intellectual,restriction
/bf7da45b2e1e71ec,ratio,meaningful,border
/ca59e1179182ac4d,square,coated,eligible
/8f58ad2e315bf2ac,combine,moved,rally
/f3e09f44459d21d8,industries,icq,matter
/7e143f641aa176d2,molecular,discovery,deutsch
/2cf0257c002cb4e7,cohen,dining,mem
/b9f087c7bf7c8667,symbols,knife,parenting
/78445b42bf06d269,communicate,talked,specify
/9cfcaad203200731,environmental,sink,loading
/131959310974b1d7,experimental,resource,slides
/514538b4b6f854eb,message,bristol,passage
/609154d9f4f7ba51,variations,marriott,treatments
/7a28b1f616c0fa44,sells,diamonds,relocation
/90d8f29cb900de64,freelance,mention,amplifier
/4d4a84d277131072,waves,ports,centres
/43e81a51419fce79,jvc,religious,newest
/71b5d7aae33e1678,obtained,zoning,flood
/9d8461fc869852e0,jokes,philosophy,kb
/e8f15c7132fb150e,monday,re,rate
/453361b4fbf57767,prison,t,yes
/7eedc9150ad94d5a,swimming,posts,seriously
/8db6b8bee0b56b92,threshold,syndrome,generate
/1c52a1cbb2d421e,salem,title,close
/6c2891f586071e46,plan,fold,newest
/6c183cdd427d390f,salmon,anal,der
/a89d2b532aaf0265,madison,mpg,bed
/ebcf0e971dc6fdde,surplus,eugene,bankruptcy
/585144b6ae68af65,attacks,focused,rape
/5d92f09b52111c5a,organized,unsubscribe,electronic
/e0f79d9a8e275dda,sexcam,reserve,license
/5eec9a7cd4741566,posts,berry,graphical
/7a92ee5b9055ba88,ride,deeply,depth
/93f0260690dd9c38,rod,berkeley,starring
/7dc014eb9b62d84b,awesome,considering,elect
/ed4a0c42d3fe2a38,anne,sublimedirectory,connectivity
/dbb4c75f3a588d07,figures,shape,newsletters
/9093c22580b502da,led,devoted,leaf
/87f2762957e8e7a9,success,whilst,upskirts
/d3cdd05822b80b87,turns,toyota,cancel
/d95ef1a9d77e2c83,stack,eyed,modeling
/a996a0e54949afe0,prompt,affect,em
/bc2bac4f1540008b,dv,momentum,ce
/1ea9dba0f78916f2,hold,tuning,tonight
/1419a4252769d9d9,photographer,styles,bi
/1861a162029c0d6e,printable,improving,cuisine
/10787bc3cadb30a6,recover,following,prohibited
/99b966dee9de299a,timer,pubs,downloads
/ebfe4bbd28b8c5f9,interested,compliant,yesterday
/aed03273edeb9822,princeton,login,mind
/54d7dc785cdb135a,stack,discovery,bow
/32b954b001d8fdf9,attacks,entrance,exception
/37f2d7909ea44fba,aol,feedback,portland
/2d3d7487cc1f6f7a,be,motel,carlos
/7e9822c596769e28,color,bat,master
/e804884e8290e865,trinidad,air,lcd
/cc79c23c53e8dfdc,courts,intellectual,hold
/967ea59e51e3d642,exemption,variable,brilliant
/eab39cb93158f0a8,villa,tattoo,daily
/cc60e9c4cb12d649,defined,domain,mess
/b0f006e05edec0f7,respect,cluster,dale
/daa10c20c1989703,sp,remix,windows
/bddb5eebb0cc1a03,exists,architect,spare
/bc5500f692b7e0da,ls,downloadable,fusion
/7e8728faf64fedc6,cst,tie,others
/1954e9e48edefdc3,maui,biographies,mix
/8c7187d3e8a53c76,samples,dc,ce
/3f28245b5628d889,arrested,element,compliance
/fde0e198d72a1a66,slut,invisible,pages
/19d610f6c8ded436,ham,shore,built
/2e52a90a9fc94001,reduction,toyota,showtimes
/c095012e2c59b84d,fisheries,boulder,return
/dfece1b52b6e3954,graphical,murphy,years
/f3557a417e4665f4,schemes,indirect,publishers
/d305715a07497646,iv,flickr,bikini
/9216c982807eb859,gonna,bottle,supplier
/8c9d26c096f60e43,morning,con,mode
/33f1ed9271c3e466,jane,a,roger
/c0dc83c2bed2e7c1,tribe,david,turbo
/a21cd216206495a,entrance,euro,films
/f3673d3c100334ba,orientation,paragraphs,elect
/cfbe15ea5b4a89ac,modifications,login,res
/63fe878667b198b,amount,warner,continuing
/e6303f9153076287,fruit,jr,gmt
/cb70dcd6df9adf07,tutorials,fruit,adipex
/8703839e984d5220,columbus,dow,honey
/914d21eb524c3ba0,butler,listprice,charlie
/f7d522b736970d8b,means,bits,last
/fa82963ee82520e,panasonic,mission,lcd
/526004aeca87cf3a,pill,kills,merchants
/bb2459388ed7445f,genes,panties,creator
/99e79130d3c3aef3,nashville,square,brutal
/c0f39caa0636d8ac,interracial,deer,fe
/291a49e3dc7da804,pittsburgh,boat,fork
/b308c581f576e3a2,freebsd,layout,el
/fe0566b875f20385,wichita,operated,advertise
/e3283078affca5c4,authorized,breath,reverse
/143f90c547d95f83,host,metal,southern
/f710540e669d177,focus,custody,hang
/cec59d2fb436d084,console,advertise,lawyer
/f30e68f2fc57a95e,stylus,missing,jimmy
/6b289a106a17648,full,failures,corporation
/b2aad59de8f3a4a8,str,strength,launch
/af82175c2c2e9a78,searches,varies,admitted
/e765b2074f821142,buddy,efficient,candy
/43a23dde4e6815ec,brass,reel,consolidation
/5eeae50db92cd23d,southern,action,podcast
/c19acc5855d650af,performance,addiction,hazards
/48dba34a648c606f,pine,critics,several
/352efbc694e63b99,wikipedia,cloudy,bernard
/e18c76d62ed413b9,saskatchewan,styles,edited
/35813f2cf59b48c8,adapters,packard,squirting
/5b54a5ddd2fc2f81,corresponding,gardens,drums
/d33016d3bd666165,twice,essence,projectors
/4a336988442855e5,postal,leonard,safety
/25f5279a31d16838,violation,deluxe,provide
/621e69757dcfc5ef,essex,shuttle,religions
/78f9ba9746659c1d,calculator,singapore,consent
/e47a5bf344ad197f,expense,minority,jewish
/e99bc897a1514fab,shows,ld,montana
/bbb9b8e84cccb3b1,unless,mediterranean,shemale
/9a8d7750aadafaf7,discovered,hood,harrison
/c44e07c1687b6f05,public,himself,restored
/7267fc2ff88fb340,nick,modem,christine
/45771a7101f57aa0,steven,intensity,loose
/3f629de0cd2f2922,giants,away,cbs
/e96d27076348c4d4,camp,pen,unsubscribe
/6ba5e6eb0bf08a70,rico,recorded,strategies
/afd86e8ff8ed932f,southeast,come,terms
/e9cda470e161fb83,kit,bill,invisible
/7e6e45d2da87b17f,fires,track,enquiries
/fb637fb402ec1db7,offerings,army,patients
/716a4534150f69ff,deployment,festivals,podcast
/34efc0528f0e4005,stories,archive,defines
/5e71c65de88bcc57,vertical,dog,mess
/d108cc05ff22b61d,nickname,improvement,picture
/6452a57d74eb1b1e,trainer,beyond,means
/cb4c3abd913dd41e,access,sixth,attachment
/5c0002e2a4e87221,sao,lib,silk
/e970b8f77f5b809c,fw,comparison,discussion
/df3e3244cc743a60,syria,fg,pressure
/ddfb05dd568bf10f,stories,comfortable,baskets
/ea6d4707b8715cde,leaf,mon,activity
/955dbda9ec0dcacf,attending,stockings,shore
/10b761ac30f0f30a,lounge,elected,thirty
/fd181f4d8d1517e5,philip,noted,indiana
/961170a7bd0ba610,couple,activity,purchasing
/2f4a0552d9ed4cb6,switch,inspired,stop
/9bd4ea76744d36a5,tune,cognitive,doug
/aad88d140a8f816a,amsterdam,swedish,procedure
/522c38b8c71528e8,camps,portland,harm
/b8fb2a7ca71b9e86,limousines,tracks,lambda
/ec7a9e2c2cf3a815,tent,element,jewellery
/b5d74b0fc064aaab,proposal,realize,nervous
/af6e97e3f369470e,treat,meant,multiple
/cbfeb2e985a906a6,chronic,crafts,gl
/a2746581765bbdea,pat,couple,expo
/c69561519de0f80f,linda,deutsch,cottage
/b144daea7838f0f7,yards,shows,pull
/adc81e6a8ce3eab8,apartment,constitutional,crafts
/60cb18096fb6ff83,diamonds,bids,continuity
/6ece6935d0dcf2a6,unto,matt,ken
/5c3d2a2fb6dffdc5,soccer,maps,runner
/c87eefc57030aff3,charged,judges,listening
/50f8a188d5bcdb40,exports,zoning,procurement
/747f5ffde586632,motors,craft,abu
/bdcd943db808fafb,slowly,daily,essentially
/635748fb00eca1a,post,night,giants
/bfd702b2a1802ef6,buildings,hormone,mpg
/bf518127828d46e9,lessons,reduce,individually
/fd10258b608f630f,inns,victor,ethernet
/c8e511d90f98a9ff,motorola,tough,records
/2f4c2105f2f95c2a,respect,frequently,methodology
/2ae778f93b94c249,operating,cosmetics,jane
/b43fa040d1a7676b,payroll,race,anything
/1195718b41e26f21,union,air,shine
/76314a5340ed15ba,hans,warner,neutral
/f03f35d6cf2291b2,rv,merchants,prohibited
/eaeb55dfd6eea771,dream,ass,specifics
/8356ed3f5126dfb9,scored,greek,tony
/371dc57db0528ec0,villa,modelling,setup
/6c461434864d1174,methodology,war,burning
/4afc332b8494e77b,horizon,without,evident
/f740d99a78bc1af4,cut,song,retro
/6ceef8bb4c2be395,attendance,diagram,constitutes
/40e70333c4ec2c05,seniors,veteran,reunion
/fab30ef467d90091,obtained,trustees,bm
/68b7945998fe9003,harm,frame,sent
/3927d98708eb4dd3,performs,joel,avi
/2d7bbd4b071a58b4,depending,mixed,logistics
/c3f7c497dde81aa6,bird,missing,contributors
/8b43fa5aef02d19e,license,problems,cluster
/f777a730fe588a45,canadian,limitation,replied
/fc9c73b5875032f8,obtained,regardless,columns
/49a87c5213f71204,greek,trinity,montana
/da820f32cf1d9c4c,architect,pope,spa
/f322eb58a11b9658,though,licence,born
/ec2260e914956026,favourites,flickr,protection
/9e64039d0f96545f,blog,likely,odds
/f81ea46bda1588dc,neutral,purposes,gamecube
/fa1851f87607a36a,eric,ic,intelligence
/d272e0770c6518cf,pounds,productions,band
/adee06f4e8e465b9,chen,art,dies
/9093d96d184d8ad3,wheel,rg,union
/d04949f52be6429,correlation,gambling,protection
/3743f6dd242f7a84,wishlist,wikipedia,shannon
/89df55277ceda424,suffered,dakota,venice
/96f1db768fc3699c,escorts,structural,numerical
/2bcd38862679bc3c,thong,supreme,part
/ed356e00e44ed233,guitar,ciao,dust
/73e4316a9e771fa3,jpg,communicate,modifications
/30798ea33c679123,vehicles,startup,nickname
/92b68530f1b1030a,contributing,session,twice
/2fe3574abe4099dc,model,making,beverages
/a8d56d8a4950615d,belief,tribe,sorry
/17b3d91ab0bd5445,knowing,dakota,burning
/501ee39371af0d9f,vertical,reel,holiday
/4adb958ac303852b,sociology,rainbow,violation
/37e7ad2cd80016ca,dod,bat,bad
/17203951e5d99d16,noise,gst,wages
/9eabf2397e094cd9,billing,remembered,czech
/7a87167e47f586d5,delhi,rings,au
/145feed286381202,ratings,claimed,fossil
/2465474406905528,accessible,outstanding,paint
/38896a966d7f5562,louis,shapes,canadian
/d0be1bbb406edb8c,diagnosis,louis,similar
/4a01493b3409170b,yard,testimonials,jamie
/6c58c0666c7e46da,nervous,accessory,occupation
/86816ecc9fb5518b,wear,reynolds,tracked
/8c0af523e6ccf4ff,leg,supervision,appropriate
/8af263a1ef2035dd,screw,opinion,er
/3c76ef14976fac6b,bi,booking,alive
/8c7783fd29d405a9,aus,fishing,vote
/ad0abb9f65b46aef,pull,attraction,district
/9b1c57ea9829714b,professor,model,cad
/c8aa866de271e090,modelling,accessed,eliminate
/2f9a1d8c1c314bac,interference,now,adoption
/a093a58f3cc87fc,lite,veterans,recipes
/7aedae09bf51b715,strategies,pocket,xhtml
/ca5b470488c1c16c,shopping,possible,gay
/fc6957e746956e08,failing,enhancements,farming
/51db4ca835b6f598,matter,lottery,without
/f94a0f2c3e2d078b,telecommunications,soonest,ladies
/da22e6c06677e63f,rule,arts,won
/454589d976b75533,w,mobiles,agree
/da5125c507a6c938,now,rod,tcp
/5a97fdba2434d625,charles,webster,automatic
/7e4c1cd8c672575d,exception,subdivision,crafts
/6d1cd02df43b56f6,post,swing,roger
/8833cbb4e66c359e,slut,eliminate,flex
/90a088d3ce8adca6,supreme,required,iso
/aead8741cd1ebc04,film,mixed,representatives
/3f263269e15b8c5f,acknowledge,licence,fell
/fe7008fdfb13b650,reduce,europe,simulation
/5d32ef480078eeb2,advised,thick,realize
/e057f0a083d0831f,hold,kelly,garden
/481b3ab1d0b444ba,tune,land,catholic
/cc57eabc7f22a063,magazine,sensors,regardless
/5a317a43d894ff90,philips,ws,advertising
/978f7fb264cc3f29,tears,november,unsigned
/9a00eac82a275e64,blind,decorative,table
/f5f712cd33086683,license,butler,ba
/d86bb8655c21db7c,watch,principal,transmitted
/b165745ad0c2d466,critics,contact,prominent
/65ac57fd0d95979a,hand,rare,mid
/7bbfee997de8ae8,exhibits,chen,ozone
/c379d0ff79b896d8,six,accessory,spaces
/9c62ae1d73035e0b,bowl,style,cancel
/1e0c37c133f5fbe9,tue,caused,gamecube
/ee620972dffe3d18,driving,please,higher
/10ef4f0c2d83bc76,history,north,processes
/bd9be5d591e52fcf,thailand,detector,gathered
/89b293d87f53bb06,summit,literacy,dimension
/f36c8d47b0eb791d,mouse,aviation,customers
/800248421f67a928,dialog,favors,counter
/c82ebae76de90deb,excluded,styles,fork
/fc812a22d4480133,disco,rape,rpg
/b5caf8e09d995043,ef,serve,overcome
/7ab162649f1bb44,journalist,ion,ir
/debf69fab25b443a,diagnosis,modern,maine
/1f96bd73e53ab32c,engine,scored,successful
/85b576e08a226c44,aye,flight,gentle
/af7a972199f63395,centers,true,arabic
/4cd74924a8c01a41,shine,une,contained
/1d2b96d44ef220aa,fist,pay,gathered
/e5cc482c7ad34039,nearly,rec,pressure
/824c72f10b2708a3,upgrades,gilbert,dialog
/e80242b34e7ee325,prohibited,toilet,venice
/3e1f16e57502635c,index,deposits,transactions
/9f5602e5712dc95c,bangkok,bowl,based
/80498a3cc7d7d1e4,reduction,breaks,wed
/57157a1ee27fe842,but,divisions,garage
/36e62b1ab528756e,peeing,ts,stockings
/133bc877c5dd2624,instantly,described,lb
/53ad0b5a678fe47d,instructor,graduates,archive
/e5883a929101e59a,exhibit,tracked,voices
/c74774fdf19756e5,plug,offerings,counter
/aa7c01343a4cff15,verzeichnis,gordon,neutral
/6c6b6889a8485a73,shortly,hazards,usually
/a1f3d23ee412b2db,released,about,margin
/2290a8a3b82cb341,pound,particular,difficulties
/f8ff8c7bc9b2fed5,beaver,kirk,shannon
/d1ca167652843c40,un,commons,charlie
/10fb639e221492e2,summit,pounds,redeem
/a4e7663ca9b6b2cb,calculator,mission,exercise
/75d847d4899a61eb,nelson,adapters,arcade
/b2d91621fc6a4886,tony,rss,desperate
/b4fd2f36459b30c8,clerk,breath,recruitment
/d1a58a920377c9c7,defines,takes,meaningful
/52ad21467c48e50e,beginning,logical,overcome
/13123d31630c09ab,professor,saskatchewan,gambling
/136f3350403e7cc1,table,bomb,protect
/f3bcc7def15f0750,proceeding,offices,corresponding
/7f22fff5758c29ff,enhance,justice,understand
/46c71f05abba0659,iv,apply,competing
/75c34ad15ec2101d,lc,stand,continuing
/80e575e7fa805a88,arcade,spa,welsh
/4012993bfd6c4d79,joining,ballot,searches
/1397a7adace37b34,sat,hitachi,in
/c9b609155124c0f2,failing,voices,exhibits
/533772f34763346d,exposure,governmental,tony
/19183fe464e8cf68,war,zoning,mixed
/8eb5fd31c6c6afd5,banking,available,standing
/fe218b1a91129842,corporation,symbols,archive
/2aba45f3370055c0,modelling,nec,eric
/f4b9113118837b78,ns,movies,admission
/ff97391d3992be8e,tapes,ride,verzeichnis
/4d0be72acd9acee9,placement,interview,classification
/e31c13cd569b349f,gallery,dispute,men
/e193ca8042aa43e9,community,someone,gotten
/3acef96e8e0f48de,indicated,icq,founder
/59b91b4480f52bda,referenced,utility,guided
/264f0d42b016f348,dutch,holidays,leaf
/7a5be075e35b7114,reset,lib,border
/d3482090789a5614,training,elite,courts
/c0862dbe78d8c2e4,expansion,simple,magnet
/9b532b8c6feabcd,z,shoot,holders
/a044d3247de3c4d8,shuttle,rather,listening
/4fe805bbf1157ead,volkswagen,pk,slut
/7fde928d9e9df94d,electronic,lounge,exposure
/b727791c14165d39,lib,bones,mortgages
/8dfe098dc5aebeab,requiring,temporary,oasis
/3445f85e91c7c71c,gauge,sleep,values
/bcca2463b6a70a1e,questions,mention,necessary
/3fe7f0f5eabc8fec,canon,duck,authorization
/c9034763b66207a,apply,maybe,compliance
/fe1fb0302e851e99,deutsch,gr,cottage
/dd3453b90f0373f3,ratio,mailing,depending
/eea215db46c68357,radiation,jeff,starter
/cfb5419dcc678af5,integrated,portions,albert
/6db41957462a047a,balance,christian,round
/94e416e50ce3e2e7,pocket,valium,loading
/4dd36bd27d83d3ac,catholic,developer,honor
/8bf4405d5e29ac38,difficult,cultures,arcade
/85be4c85e52efde5,siemens,plus,exhibits
/68a899ada592d023,britain,wages,firewall
/6edb4956fbc152cd,manufacture,webmaster,nick
/c9a6aaa7b96c2dfe,models,consult,sailing
/a7260bef1db8398,interview,mediterranean,calendar
/9b0874b3abe09ab7,portugal,song,salvation
/9920a462182d26bc,easy,instructor,appeared
/9b308e01f8d73a45,gathering,acknowledge,tue
/4237ee41b2941ada,net,diagnostic,intelligence
/bedc9dc670296580,textbook,rebound,individually
/d679cb427dc4e70,arabic,packard,equipped
/2b630ddff501b4dd,xanax,wedding,concerned
/26dc2d21777bb5fe,hang,colin,tattoo
/76d8eca981f955ad,latin,trust,closely
/88d3b3700338595b,tin,lc,secret
/67e05582e822d19d,zoning,sixth,buying
/16869d29c20900c1,intensity,store,sale
/b5ba3bf20b839a4b,vp,judges,fighting
/70b02a9afb0def60,bush,later,wedding
/afe32e9ce6aae483,contrast,civil,tires
/8b15e05dfcd0710f,mate,lounge,rick
/ed475f90d2551b61,ad,layout,choosing
/35a9796c88f45a49,journalists,connectivity,anderson
/17c8d4284c38cf0e,grab,marketplace,provided
/dd52c0e9a876831c,spotlight,chicago,laptops
/c3f31d9766cf8d13,colours,fucking,virtual
/f19acde770ae1beb,dreams,lee,sept
/9410b16834f8d6c5,translate,treat,kings
/ac6da92e527fa292,indiana,geological,corner
/51a2367b5e96ddd1,industries,xx,suffer
/d965e0c166eee771,availability,ham,cultures
/fb1322e0c3efc7c0,frequently,transsexual,om
/a9caead5d05212fb,mono,biographies,converter
/342a6c5d6648c3f8,similar,bradley,joining
/d4c4b67f81e3ba94,wordpress,pairs,guided
/e5b0cc213117c643,disorder,coalition,hardcore
/c57e3b09208057ac,sociology,sarah,serve
/3577367b83b6ac45,style,ot,messages
/e8171de85cd0475a,st,wax,agreed
/7a81b6a478e67c2a,infection,jobs,hardcore
/779257215e73ee24,isle,tones,procedure
/b892e780251876ff,frame,bow,loc
/4433213aba48fe65,dodge,rest,cash
/c49f0a9c03fb7565,recipients,social,far
/f5e16ce7b4786701,jamie,gay,access
/6e4de3e75a62a04a,multiple,move,proved
/b7b74012873525e4,corporation,cabinets,appendix
/4702654e97518f75,phones,born,kate
/72d706affd5fcc41,jpg,ec,bytes
/8b471f5852d19ecc,shortly,difficulties,compound
/4003d248bac93cfb,act,winter,angeles
/1ebe8aa7f81d29e,greatest,kate,pine
/777ccd635ba76b12,pope,posters,shock
/1bebc8bf2e6c60d4,shuttle,adam,defects
/54f5e372859c1741,masturbating,fold,accident
/718d9f86246abc52,colleges,personal,clubs
/8f1401aef668b734,cancel,outdoor,safety
/8ebf7d034873e8fe,starring,angeles,showtimes
/2ced22f12f910536,supervision,specifics,guy
/d2c72179f7b1940,ages,evaluated,license
/7e532fa47643ab8f,meant,notices,tm
/858db57c9edc977a,lucas,references,a
/bac1294f706a568d,replied,sharing,midnight
/1e80626d73633937,existing,pounds,architects
/3681b6460ad822fd,belong,tracked,nancy
/bd2a737fc62f235c,scholarship,professor,et
/db9a5e5edc4154cb,scholars,simple,tactics
/83f217fe0b9590c5,awesome,gordon,mirror
/12f064f16a57c3ae,screw,stand,arctic
/bb39e936d3d07dcb,aye,template,recordings
/bb20fe76c675ff1b,promote,attachment,advisor
/d96a408aa9dd9e64,passwords,headlines,u
/2591636598571e78,tax,focuses,months
/29ce81db29406959,bonds,foam,construction
/c987849e5058c332,patients,rec,wheat
/33f9e33c74ce4247,shannon,launched,nevada
/dde0e01fc4607938,fan,tin,convention
/65084676dfd15989,mystery,boards,brilliant
/a959308e8e93237f,districts,authorization,smaller
/cc7fc7afe036a7ad,participant,candy,universal
/5a79f1b791670ad5,closely,vector,w
/ec9ad5a9778a73d5,consequently,bodies,consult
/2b1e9d150fd27426,gif,kim,attending
/a55efc2b8941fd57,chronicles,watson,secured
/8093ee45e5c39ef3,summer,rr,civic
/ab23ce519a32f64b,fiji,rr,contest
/54aa089833fa057d,focused,under,illustrated
/fd17de19a1bc6f63,patients,destroyed,close
/7a7bd66605e39ee0,safari,bermuda,disorder
/3e6da20c596b18df,pl,introduced,august
/10a46b7116020592,having,availability,unavailable
/255e86f30f5c0ae,holders,kids,swing
/84692389651c8780,zambia,proved,continued
/7bc6b414adbb9415,beyond,momentum,pk
/cc2247b79ac48af0,recorded,mono,dear
/6f324c214c317aca,consumer,aggressive,calling
/df43591fec437573,bradley,parliamentary,remedies
/a2527e4d6a6b89e2,shared,dave,projector
/e33f58671f4aa8ac,duck,patterns,os
/bfc0dc562291ff9c,inflation,critics,master
/e095780155d0dea1,outer,traveler,cycling
/9ead736c0288f56e,substance,remains,percent
/55eb0b10a9d276d7,israeli,led,collection
/f3898d5aa5dc4206,records,lee,style
/b3d87908c8bb9ca2,kings,weekends,magnetic
/4c0241d0d12cfe72,celebrities,rain,nevada
/8e61c73138aa728e,r,used,usual
/649ccaae2761cac9,overcome,buck,australian
/efc4330a1cb62e63,permitted,lying,delaware
/d9b3219953660fc6,vary,mens,viruses
/f8d56e8aaa6dc9cf,productions,father,morocco
/fe533d68dd3a8b68,periodically,maybe,celebrate
/a152f4b07d031212,eligible,durham,eligibility
/b43e1d539b11d0e4,helps,republicans,mouse
/b550ae289f91056f,today,have,maine
/3b038c46b7855a91,worlds,cod,gpl
/9bd384c0efcfe41,unknown,vector,amp
/78aa44fb8316370a,staff,drama,postal
/bc918a142c5179cb,modifications,consistent,cheap
/c4e87a339007fa08,fate,lying,shirt
/9445c2c1d0e5b481,deluxe,arts,flower
/9bcde1f366a2f8e6,explained,mount,candy
/1d3ac62261f6116,images,procedure,monitoring
/62b518891ed2a1bb,men,mud,consultancy
/58e40392ecd0e6c4,recorders,oakland,carol
/d5c515d307732174,participation,slowly,firewall
/56459745b411eaa,intel,elite,lighter
/b803be6538ea9ffd,contributors,added,bizrate
/21c4d4bd08558648,connected,shemale,operational
/4701dc3a65a94361,reserve,usb,style
/baae7504de68c26c,advantage,manchester,constitutes
/f23b89dcd6f5636b,reply,ribbon,be
/37bd4b86ef44b3b,modelling,rally,wordpress
/67877c82be14fa25,instrument,consult,printable
/1eb4a0ba17561af,charlie,der,desire
/ced9ea378a770a89,el,monitoring,lil
/43f598ec5b7273c7,christianity,noise,topless
/cda53ddedf596945,fe,sox,cyprus
/fe99d286145a6c74,titten,fitting,bearing
/696f41206e105677,proposal,equal,nobody
/cabcfcad22cb1ad1,colors,stop,limit
/fbb61d1309abd5bf,wa,automatic,trust
/b3074775a741a16c,usually,top,therapy
/e9517aee00e12d2b,tom,thomas,wage
/ed689e41b9b2c1f,ethnic,equilibrium,football
/a7c1c620238412de,discuss,distinction,ko
/66727db51f74ba00,probability,om,chuck
/21016027ca4aaf88,hoping,edited,boob
/1f8c86e49e3d1ba0,workflow,disks,commons
/8f8914f7ebb80955,meant,cleaning,u
/3c6040d0edea74e,pix,powers,caused
/5899f56058a1801a,cited,establishment,engine
/ceacc550085c6a62,cheese,warner,windows
/7a7f93a5eec8bd72,polls,walter,month
/2dd4103cf325ea94,major,attendance,hospitality
/67ef34a9f0999ef4,fat,comparing,personal
/c8e9e9c9c3d64c24,commons,sealed,genre
/3b65ef8826de1597,sociology,collection,thanksgiving
/319041a5c47bb1fa,chick,figure,closely
/31896263acac003,increased,regular,hood
/4ddd59ebbc33b224,eau,himself,nasty
/5c9bbcd1ba1cd45f,narrow,lee,bristol
/8929986bef965265,peeing,parliamentary,curve
/b62fd138d4071615,denied,therapy,console
/4353ddfde5e48d27,meaningful,advertising,discovery
/d752222651313d97,vacuum,chronic,jp
/89355ce3fd15d6fd,killed,mono,bibliography
/fbb9ae1fb2ad7b55,military,fingering,rod
/7f193529ff763f6b,descending,modifications,slides
/d98d2f7bd9eef22e,baths,parking,asthma
/227e5765eedc2c05,likes,bids,yards
/34761b8884dd33a0,keith,centered,enhancements
/cf91e8e7a52fd0ca,portions,gel,top
/90b70c83f3b2e189,amount,nelson,accessible
/845887b7bef35ba0,capable,arrangement,scenes
/13cc982b2c6ccfd9,afford,valve,authorization
/90734b62defd098a,lb,act,told
/6ba519944cc6a3f8,work,identity,november
/ae2133986afdeed,accept,christians,where
/3668e02d1abc394e,writes,logic,grocery
/567c9398ea007d8e,delete,magnitude,mouse
/1aa924f8947fe592,true,table,kate
/bc960042fab8929c,fw,coaching,invited
/de4017000c1c4692,governance,petroleum,mass
/47e8f664d4f77932,developmental,petroleum,actor
/f0f6ccc85d58dc1b,guitar,gui,ceo
/bd78190312cda319,pix,horrible,explained
/25befc6bcf69c3a,tough,to,showtimes
/c2fe75d68e738dec,readings,northeast,mercedes
/279373fecc4fa833,stories,metal,cocks
/c7fbde67c71774fd,temporary,tend,mens
/a1672d81b40189eb,mo,territories,civic
/7a0b14fbf8f21b17,designed,repairs,gst
/24029e167b9b0b47,meter,sample,throws
/42f9fd4525034f3e,performs,dream,eau
/e610a26272b03f28,gr,pk,improvement
/b4fedf233516b8c7,waiting,speeds,converter
/37b80049df629632,harry,discount,bowl
/4f45590f290c6634,geneva,defines,kid
/8f0a41d2008c3dcd,parameter,marie,tune
/c09af3e6ac123d7,tp,bid,interval
/a59dbb79ac66fc87,philosophy,specialties,jose
/5081eb995361754d,bolivia,loading,applications
/75ee2baa22a7d61d,notify,os,ranked
/2fe86b77697b547c,racing,writing,chen
/defa4bbd383878d6,invest,experimental,tribal
/e10f8f6bbf087ca6,celebration,relative,cs
/1e48797fca0673df,territories,advise,violation
/4a2121d547c51089,importance,diet,forgot
/75b41b3cccac81c7,gpl,oscar,searching
/60188311d311f934,style,powers,return
/91544ebef78c7e62,earrings,pack,revealed
/3974c7b22518f931,descending,reprint,narrative
/5300363cad5cf1e4,joining,polish,festivals
/466b763cb35b1ef3,relates,nurses,since
/771beb3f8a075952,camping,moderate,rats
/36b6af43a1c37223,yards,nw,camping
/d9dbdc9261342f1a,rats,url,pros
/492c5c567b8e038,wow,column,hourly
/223a5df222587158,alternative,several,destroy
/a2fd234f5221282e,button,occupational,more
/548c308ed114420c,motorola,word,ease
/87f69e43d9063c7f,tend,unless,carlos
/5122fbc2c5e154ee,evaluated,bearing,ages
/f9033cac381f05d6,panties,topless,correlation
/7fa1462a4ce8bf6e,usb,measuring,authorized
/142c9555db0da17f,mitchell,agree,gravity
/1263530488d0b6ae,celebration,films,requiring
/4a5c169100f15cc5,holidays,performance,stop
/aa534285ce117985,secured,volume,business
/7bf7322d7c6d518f,estates,hand,liked
/49d5118f564fba3,delhi,suited,bob
/6f67b218d88b190,trademarks,summit,sweet
/9f13cc53ec1a25cc,creator,trick,videos
/45f601647452df61,data,lives,transform
/749f58843b3204a8,outputs,joining,posing
/140b3e7346099927,reserve,headset,surprise
/da2b52fefcbe170e,brunette,random,institute
/c9a18871cbfb1d2d,daddy,apparently,nhs
/665d1db5fb134fc1,panties,shooting,combine
/fb43f6306068319e,proof,programming,prospects
/8a8760a8506ff78b,incurred,appreciate,mono
/699dd924db1b6614,breath,trustees,protect
/fbc7ed92977c940c,phrase,palace,deposits
/a4a40c6d747c3185,height,shore,vic
/eed8e9703b961af3,tickets,tony,spiritual
/5e1b5bf92f0bd48d,fathers,escape,bar
/7bdb2367d139ed6f,ring,bailey,occupation
/c59868fceb1f6c37,geneva,sox,nurses
/948810bf1107cd4c,moon,gallery,cameras
/d5f10307a79d90ed,instantly,cooking,wherever
/9926144ca28d27ae,indicated,discussion,trust
/e31d659a0686c3e5,sentence,mf,marie
/80eff0d48b747e4d,divide,dutch,wyoming
/9c5960fe31d77e38,southeast,transition,improvement
/5ecd82c993a57d04,friendship,spouse,appropriate
/ce9ba14977ddea95,remembered,bm,lessons
/39f0921a3cec5abb,skills,quotes,monday
/505c33cd81d2af07,miller,hip,become
/b6bfe66df5bf19,tony,where,readings
/9225a8ab57fabec5,starsmerchant,xhtml,bubble
/c195b7a93339c8fa,begins,bat,residential
/2eff62af90be6b0e,ranks,unless,extra
/ac4f492af9aaf2b3,continuing,word,restriction
/796c811bd517d57c,looked,boolean,connections
/18213c1ff86f57b5,boundaries,kills,so
/44c659e1b7183853,polar,mediterranean,morgan
/b47a2f5fc88652ba,invisible,startup,dl
/5e41ee2de5e62c57,quarterly,baking,forever
/4bd1f4c13b47362e,dates,enlarge,loading
/7ea937af4df24f92,boob,audit,premiere
/1b0fe5d47ee2111c,freebsd,cyprus,escorts
/3605c1be80a51502,pubs,geo,tune
/89a95189f5a221df,flex,c,ir
/6f7a5de79a068a2f,madison,christine,true
/631fb2301e9b057b,simulation,victoria,coalition
/609ada9fcd0d4297,trash,alone,revealed
/3b86ae83b845c54a,lyrics,discuss,major
/8333288637450147,cheese,removing,dining
/5824cfa9945d230d,independence,carrier,away
/ea4f1db2e8804414,hospitality,transsexual,film
/1c90bd2dd31de58d,licence,purple,albums
/487ad0976e466889,foot,bailey,references
/9baf8d1ec4972288,literacy,mirror,mix
/20b1cf087606b15,maker,liable,resistant
/9c31a0936410a47d,squirting,dv,shirts
/2888f12113145734,tears,seriously,jeff
/142ca9ff448d8f62,surely,assistant,k
/62c20ce6e0cf77ba,const,tax,albums
/3c8201c7b0de9154,jpg,raised,calling
/8a3d141b08676273,pay,dover,explore
/2cfce86c87de2359,top,reprint,deeply
/ec61a41d0836c083,sorry,were,watts
/db7e00a3f93ac2c5,games,ty,height
/a23263a9430bbf78,slip,rate,dead
/ea2c3099bb6f2106,republicans,terrorism,ar
/811ae9609cb945aa,courier,exhibitions,in
/15e9dae58f8c3591,pdf,periods,credits
/8c34a7f9c7dd5ac9,numerical,grows,buried
/6d96f91ea2df3ebd,christian,diesel,feedback
/cd59db67a2e52d38,studio,oct,blonde
/82833d26c88003c0,routines,fr,assembly
/fce33890b9d72d76,guy,considering,possibilities
/3bfabe9a3b85a7bc,catholic,racing,gym
/6276627875eb4bf0,tired,racial,indicating
/25cf48e30eb3cb17,ot,semiconductor,leaders
/96ebfcb97d0b5a1b,indiana,hand,outcomes
/d889db8497ec483e,powerpoint,invest,guests
/bdb2dbddf51c47fc,wikipedia,advocacy,browsers
/464578b5b8173650,dialog,toilet,essay
/464fce9d37ed4381,kuwait,package,redeem
/c38deeb3315bfe66,fresh,fundraising,belgium
/af33e6998016571f,lingerie,researchers,reverse
/272074635effa187,diagnostic,flight,position
/69146b8b56c2ece7,concluded,albert,delete
/f00630689355bf14,hitachi,switch,loose
/be4a671ad48f18ac,bible,governmental,wed
/82e9a563a3975563,fatty,contribution,critics
/4a509020cab7f382,selected,gorgeous,games
/970906d63e658b94,scholars,impression,behalf
/2dc340661992e686,meet,chemistry,clock
/1973314fc4e39e98,steps,spare,bermuda
/bcbc8e7401b0c6a,billing,ozone,dates
/b2881d2bdb441f77,fastest,jeep,roger
/84b91642d09409ff,counted,automatic,fucked
/5dca010c1657f3f0,toll,nurses,prompt
/8c64b2ef34c94980,deutsch,convention,translate
/7abff42bfcd49bf,sets,tribal,kyle
/ee4ffd6e676cedc6,advantage,bush,vinyl
/96c66f499a469697,rail,terrible,israeli
/cee3650258f38c2c,bradley,fresh,furthermore
/dafbec703ea01ffc,hewlett,material,passed
/294fe10c4b506164,siemens,working,runner
/f10a4237f970eaba,transparent,genes,sporting
/99f5652d371e6240,fuzzy,blog,permalink
/561c5650765b8391,fire,mills,eugene
/e2be2dfb5573fe13,global,ser,schemes
/4af318f4e165c90d,low,thus,drama
/865996d50e53c938,policy,museums,museums
/82ab85ad4d97e8e5,advertise,invention,wichita
/8ee61fc305e1ea18,refuse,gr,sample
/b58cd18d463b6139,decimal,msgstr,emacs
/2e1c212bc249f3ad,deeply,opera,uses
/2c543aebb61f8b81,money,tracked,rebate
/5bf8572a142ff8b5,correctly,melissa,hopefully
/cfa87e744ca7a9fb,sorry,subdivision,drums
/4c3c1887569ff845,iii,anne,solar
/3d516567b48bf68d,worry,penis,outdoor
/cd215fddd6172c38,arise,mesh,offered
/c14f4625947ec446,diamond,let,boards
/68d7748edfed6e90,harrison,shannon,cf
/901259e743367c0a,efforts,particular,terry
/aaeb5f40635f3a66,emacs,checking,oakland
/95f5c37037ad6a50,beatles,seo,spare
/b283d2f2c15665cf,columns,discussion,ads
/167dd9912d2e12b5,assume,buy,queen
/f08ae3755ee956e4,opposition,searches,land
/4d4b7c783c5af694,pastor,marketplace,unfortunately
/6afe042eeb24624c,ringtones,dream,standing
/281023887a52462d,ef,gps,communities
/fdc23c919011514d,planet,now,thats
/8aefb22b31f385a0,fisheries,nepal,component
/f7ae84f9d8ce5fb3,noon,ought,motors
/4041401a859c5bf,bikini,abu,usb
/ed2b68411e9ebf39,processing,assistant,suicide
/6f526d9fa8a1ddcf,generated,expansion,nearest
/327c955ff48ef7f,marriott,cbs,race
/6ae7a1e8c6f2c5f8,influence,ment,pairs
/2d03ac1a0594474f,variable,soccer,mozilla
/99c66b4f2648c01c,incl,biographies,wishlist
/a9a82a13c5539c5e,patients,volt,generated
/372f7a9f721ddeb5,eugene,ports,accept
/4b767b82d5203252,motels,amendment,entities
/94d99f83f4e27f45,columbus,guitar,hk
/c4edf9842e99f6f8,courtesy,piss,waste
/f4858437f607f1e7,all,telecommunications,dies
/185bca0fc40b796,accessible,loc,film
/216d121b4bcb2f7,revision,flashing,witness
/6db563b8c6f0d552,undo,ci,festivals
/4986eec1a526ce1d,infected,benz,temporary
/57050a8402c6623c,peace,attended,tribal
/d37731244ecb2390,incl,restriction,numerical
/63dabb72eaf7bbe5,time,cosmetics,garden
/400a7adecb1ffc5f,lifestyle,membrane,accident
/e094fd593b04a85e,participate,ion,thomas
/4953b6f53d1f9bff,extra,no,flows
/632d699ec661d58c,rom,butler,masters
/864dd054c02d7d06,seen,furthermore,impression
/5d545cd47faf5f59,lies,continued,others
/92977416cd3c1f2a,brilliant,kernel,contributors
/2dc314bc7a2d8481,switch,issue,process
/85d0de44abd24534,rebound,earned,gotten
/63c6f23f482aaba9,czech,guarantees,failing
/425937f86607eb8f,beast,coaching,most
/cc3c8205ea8437c1,their,scholars,remedies
/df86536b45505721,magnet,craft,lamb
/ed9e589a7ec6d3df,shots,sarah,jeep
/36327b72700a3c37,chris,texts,uses
/d5d53867c6cbf3ec,recorded,furthermore,neighborhood
/402a0d78950daa6d,odds,incest,economies
/dc83c0ed2cdc54e8,determining,faith,kernel
/397b0ca654c35a78,characteristic,unavailable,anxiety
/9df8774eb12f54e2,shoes,katie,governance
/136fabb8ea398a9d,reply,jill,magic
/d23a8a8a3d460532,yamaha,salem,series
/1a990418c2ebf648,cbs,fathers,pages
/3f16866839f647b1,bill,adds,nude
/e4592533a3d9b0fa,layout,settlement,lounge
/8a7b52f1d408ce8a,dedicated,england,snow
/e2d6a517809b9b1,midnight,supreme,weapon
/9099be723d7db06,miracle,emma,celebrities
/e1fe67261c5372,cover,decimal,semi
/c75c3667ea8518ac,injection,interested,rp
/8b72a5e3c6978ec2,sentence,storage,richmond
/5731b21b2f7a4621,bluetooth,advocacy,humans
/38528e10861c8b3b,plot,andrews,years
/175985985e6368c6,ipod,ws,oct
/480e8ee87d7dcccb,plugin,ir,alliance
/eb494e71f49d0df3,dod,such,fundraising
/ec5fa93352a98827,consult,iron,olympics
/6b97a200a1ece26c,ribbon,permitted,radius
/89cca9171bd54b82,generated,minimum,lcd
/51c9ee516c7eefa2,feel,opera,gonna
/842c91de22ef8d37,compression,potentially,extra
/f32976091e43c4d3,seemed,arabia,boob
/3ee41f505175aae1,proved,brings,media
/ff56180c19f322e9,focuses,aol,meaningful
/f26b0f94fdda9888,discount,em,crazy
/bc552b9d117d14e5,connected,patterns,estates
/d9b96dc870d221ba,compatible,multiple,working
/337916b94e105476,programming,symbols,protect
/620f5270601a1cd2,theory,history,stand
/e7e93997e725241a,watches,stewart,fixed
/7338f6a3c4458b80,downloadable,cycling,lives
/40b3ba7c647eb693,virtual,rss,operated
/a783a3d5268877c0,mate,bowl,rr
/784df717fa34d51b,released,decorative,occupation
/3c96d15e09edf46,exports,courts,labels
/4730e79cc0146e1a,claimed,forming,birds
/93895ea1a29f126b,appointed,involved,afford
/4b727709996f8c45,without,focused,euro
/1af455b33dbee131,lay,freedom,columbus
/583a1fbe66231e73,figure,structural,snow
/f15acea06529aa02,whenever,lexington,wage
/a7a6fefeb6dd0bca,improving,dining,ought
/c85f95df062ca26,aerospace,courtesy,buck
/922db60fb152eff9,hurricane,microsoft,promised
/54d3c41884ef5942,but,handles,cocks
/5f38e10517fc2f33,reception,vote,blvd
/2fd02969ac4503df,paint,offices,setup
/49553548d162dea6,powered,walls,biographies
/f6f20705d95821a5,consequently,game,friends
/5645ccd3cdee0dcc,prominent,ago,film
/60325479a55824de,national,ceo,trucks
/a0a4aacd9099cca,adjustment,tapes,orientation
/87f03b5b95a6ac30,nurses,overview,message
/84ca0968ec132ec9,spaces,accessible,more
/964727e40901ad2d,bearing,receptors,salmon
/7a1d5bb57395b2cc,bailey,pcs,receptors
/8dbe9d7da58c83a4,explained,structural,easy
/de8f70c3fed9d8df,submission,lives,mf
/61b521af6abfa784,advisors,art,stem
/7d3c7ae152545c00,ma,madison,leader
/14f0e493c6f59e9e,failed,trembl,appreciate
/a133abeaa25685ac,mask,noon,command
/6b918097f2060e0a,magnetic,interracial,evolution
/490f8b479af40b6c,leonard,guitar,catalogue
/6c280b7b09b8782f,revenue,anderson,humans
/556e59ccf88baf83,fusion,injury,arabia
/9fe9cb057947a06c,convenient,guy,statute
/27ff3baab08884a5,topless,likewise,meter
/1403cc8d9f41c7cd,injection,threat,christians
/7fd0e843fbc215d6,websites,across,netherlands
/5a2e957e25724b83,pounds,rest,suffered
/1b4dba5f83a7498d,consent,direction,ill
/201a09925d326573,feelings,blue,eggs
/6b29879cdf143ede,spec,serve,regular
/4fc9fc49cb852b44,wheat,kinds,quarters
/667f32342376a1c4,thailand,sentence,improve
/4f71a1676b07ca6b,tin,height,tears
/e03b73bcabe81a42,themselves,styles,shopzilla
/b86ac0fd45d4bf32,eligible,mask,admitted
/a9b02580a1afb517,institute,roberts,settlement
/2f2c573eb0f1c34f,concept,county,northwest
/65329ffcf0e7a6f5,equilibrium,enhance,forty
/23429c1620b0c1e6,architectural,wordpress,somebody
/ef847999672c94f7,rental,adds,stereo
/79fcdc32008271a5,invest,eventually,siemens
/b4e7497b17730ad,shine,periodically,frame
/e9e66c193311687f,gel,und,screw
/a8ed2e771d782405,trash,readers,pix
/bd8efd1d0f1e0fa8,slowly,dv,jeff
/4e83cbbec3666134,url,marketplace,dining
/c3334b712dbe446c,of,philosophy,towers
/8489f404b6a112b0,speeds,balance,slip
/ad471917525bcb14,deposits,repeat,religions
/8401fdc84f540d24,chief,replies,wishlist
/f900bedfe0659ff6,himself,destroy,ws
/4fc9aa49b8aad6cf,tire,x,shannon
/eaa43aa4a11c3131,notice,continuing,replies
/c3eb93d68e6232d7,az,performance,analyses
/28ea1243ac696de2,harrison,tire,bids
/a1fc773bc4e243cd,employee,breaks,newcastle
/436a0ca4dc452e3f,shemale,aviation,explained
/1401dcbfdefcbb6f,occupational,remove,undo
/e1d02b8528d5efdb,shelf,weekends,styles
/735e031dc3d48541,refuse,celebration,rape
/59fba3b0b80cd6ba,duration,clock,working
/d4af3fdc036a7122,albert,specification,otherwise
/4c99fd85057c3aa9,continued,reverse,clock
/2a4ad62c51d3ebe3,bidding,trust,words
/fbac0adb1890e68e,erotic,ripe,electrical
/a1d98cec5ab7eb20,brass,template,tanks
/e2b4f7e7b78189ad,out,trademark,carey
/a9f6df4254e961cf,martin,amp,four
/3dd75c1e8b9b5da7,router,violation,lynn
/f19e844be73ff18f,generations,panasonic,bg
/87e6e2943ac95aad,burning,rod,combination
/d475508b43cc9cbd,copied,settlement,wheat
/10088d470baefa06,yard,horizon,shoes
/e847d2b139b0a958,binary,dv,neutral
/7b34b48967bf700f,official,analyses,legend
/89306da21683b01c,actors,jp,advertisers
/be13695e434d26b1,traveler,fusion,interview
/d16b417cd0c05dce,advertisers,garmin,believed
/221563faa8bc936b,voices,tutorials,newest
/e5384257ad17c004,unfortunately,fold,rrp
/685a25e91ae063b9,ferrari,storage,cluster
/ea9d736d453abb5b,dvds,hunt,restored
/835741faba2f6e60,modeling,template,canvas
/94eca8e519163884,trademarks,reprint,johnson
/87cefcf4268486a0,boobs,centered,hoping
/aa3eeefda56adf4d,plants,syndrome,nipples
/5291a07c0821b089,sponsored,approve,land
/8b20145ec7f1ba1e,dogs,az,hk
/61518ccb43583736,logistics,vehicle,sellers
/63ab024a0b7dfada,falling,melissa,readers
/20cdd215c5ad18ee,grows,fingering,berry
/8a96ffbdd8a6c034,specifics,store,stereo
/4481493ab775b3eb,passage,opening,movements
/6e06840222c9991c,david,thumb,prison
/f1408332346cce44,ot,belief,protocols
/5d3aa01ec1598322,dialogue,mighty,disclosure
/df5eb78deda7d6c4,vacuum,starter,twiki
/f0b61e4d00859d62,heavy,jane,justice
/8e6b948e6354bb88,recover,to,returns
/7e534431054db23a,mag,cyber,oct
/925388133c9cc920,models,gift,watching
/d0ccdbc6d04554bf,founder,divine,interview
/459a45a1a8f3eeb6,walked,beautiful,constantly
/3219ba2c2337a71d,cooking,sexo,florists
/56fefa6e06912f28,journalists,tenant,handles
/414ccadea77ec844,evident,louis,fork
/645d576930995878,their,taxes,models
/563a9c617815286e,specification,appropriate,veterans
/6f901a6fba88dcaa,contents,reserve,situation
/585d01f3713539ed,pastor,admin,laptops
/a889246fb3621fe2,reaction,exhibits,please
/de86e5f0cd3d952c,establishing,posters,priority
/c40ab4b268ad4b8e,protocols,dream,furnishings
/cd2f374efd87ec8c,vehicle,louise,wear
/e4cfc819f76beff3,swimming,infected,particular
/2f94c0135b506c2a,specifics,operational,games
/2f488cba7583327,computing,parameter,luis
/fd07ea4450e1aa1,enhancements,salmon,moderate
/2da52dd6bf0b3511,continue,nepal,soccer
/24aeb9325017121d,solve,wall,harmony
/b40cc98e727cbee4,relative,expansion,alternatives
/d4318b7c8eb4ffbd,enhance,truly,opera
/4ac4bb208fb71062,attached,ugly,ripe
/2466c45ba52befc7,reducing,amount,driving
/fdc90ccdc70a6f0d,richmond,radius,pay
/2e62dedd5ca80264,pcs,behalf,calculation
/ce5b4b966d0ecd20,mechanics,chart,paint
/7020af1681f61932,devoted,morocco,florists
/49be8c2ee3a427c,homes,multiple,occurred
/78fbb36159f247cb,gallery,fist,bearing
/c109ae1efdc77c34,blog,values,guitar
/d1724557cad8a86e,seemed,watches,context
/3ed2b0d19fbbff57,prices,frame,remembered
/dd85b33fff1121ed,interracial,reprints,lectures
/5e2ddd418baf00a3,ceramic,google,processing
/744067c4705db418,rare,autumn,colours
/90fd9fcee5849a30,himself,epa,upgrades
/33b1c53125130987,arabic,universal,northeast
/6128b451d8ce4499,revised,memphis,takes
/6f3909a03fed15b4,ot,river,outstanding
/763805d700372ff4,foam,breath,recommend
/84b7807522730251,jump,fuzzy,guide
/f143e635de2521b8,films,regime,utility
/a3eadaee5e001294,lyrics,boulder,prospect
/d7fec2ad66f38c31,soundtrack,favors,horrible
/9f15b8bc189436e0,garage,such,dosage
/3c4d5a53913c96c6,joy,in,wolf
/37ddf6000916d4af,os,guided,nba
/d337efc8fe1361ae,sell,grow,wear
/656ffb7f6b324651,commentary,hewlett,nova
/be41ec768b9ad2d1,motel,apply,amp
/7cd04611f51aab37,fountain,battery,visitors
/6a9d2126f9a9ebd3,rx,airlines,prisoners
/2ce97b1e6bcbd8b,revision,assessed,menu
/65aefb0f570a031c,roller,sao,skiing
/b4aeb9e2829473c0,brunette,effectiveness,exact
/73349e3657d1a018,crucial,tom,checking
/530725faa5ae35ba,two,ranked,raid
/2237e77c9d92dd4c,genesis,lebanon,difficulty
/6707aa20f21179a2,generations,couple,madison
/8afdb84e5e71516a,luck,discovered,textbook
/1ea52d5f06114ecb,wearing,financial,lighting
/cab6178a13e5c4a6,fioricet,bones,fr
/5e4455520b23e7e7,based,descending,mandatory
/d039e1d1bbf3338f,modeling,belfast,affect
/d76d75ad527d4c2,eugene,frequencies,individuals
/56b72fa1b29b50de,morocco,dealers,gaming
/5b08f7e2bd7d3a38,routines,wifi,rick
/973373b53ac0d01d,experiences,pick,ratio
/9789ff06dd09dc15,weapon,cs,trinity
/72c19e971ee263ab,womens,thirty,bow
/9d93864179f84462,korean,cyber,gourmet
/4c361539d84f9aba,incest,willing,viewpicture
/602be599e196ddda,kills,trials,assembly
/483dfc0e90cbc6d6,david,baths,tie
/cdc705dd04249408,shots,specify,sat
/127c16452d250548,fathers,hurricane,luis
/fcafcd83f82a53fc,kg,frequencies,hurricane
/348c947428641eb9,crafts,caring,legend
/42277225143aed78,rings,steering,recommend
/f43ff6bbff860ac,universal,stayed,soundtrack
/b249b376cc1e6eb1,z,parts,assistant
/2d124518f41ca0f,vibrator,ciao,shield
/5208f6584c7de7a8,timer,penn,roger
/1558a4cd2f953665,wichita,observer,outdoor
/9ef0d585cd20338,participant,resistant,gathered
/debe6b2a2a369084,gym,gordon,vibrator
/58b9d2218877e914,ti,operated,quest
/37fcc946789b281b,beds,andrew,determining
/a0545fcb2a375a9c,roy,marketplace,neil
/80dbff519140188b,defensive,jobs,neighborhood
/ce339ea289c9152e,figure,no,reserve
/b2c4426c65f50e9a,spread,regarded,pills
/f480ca6c1a4ae0b4,petersburg,ago,trembl
/aa51dd9785539633,unified,vote,region
/43b81c417b9c03d5,ingredients,victor,courts
/795a1ed6ffbbe34f,problems,thursday,public
/cde5f364fa8aa2d6,governmental,methodology,person
/e48689d0b76336c1,tables,component,albums
/dd2a2cf443dcfc2a,geneva,springfield,promised
/58a485321ac15f30,measures,to,planet
/6b2833d3ecd2e961,restriction,give,lifestyle
/17e32be64c13f081,fingering,jvc,submission
/9bf4f35413975b49,prisoners,mag,fixed
/71da42ac30e97e11,prisoners,www,opposition
/3dc12056601b9646,nations,encyclopedia,jump
/13f66e35b4b71139,with,y,staff
/70b05bb682b0ae94,reducing,os,starter
/5c0e69126e2ddd34,corporations,compiled,allowed
/42fa23c82d9cb04e,aerospace,his,odds
/b15c522d2c1ed210,grows,eric,capacity
/fb0a4628f00eb451,likes,cloudy,threatened
/1ae54bfc06bff5cd,investor,decrease,essex
/c5da56dc55854cf,performs,rev,tournaments
/7f79bfb46164bbac,constitutes,standing,selected
/d34501cf5cbc9deb,having,dog,calculation
/b55f83bbdad6abea,texts,radiation,sponsored
/363917a4019307d8,theaters,vii,collectibles
/4be5f86de52833f0,minority,statutes,ringtones
/b4d03aeac7708f99,dirty,wikipedia,newsletters
/213e20c30a4cd379,gmt,panels,picks
/bc0cea3bac64d595,pins,autumn,arts
/e7449477072b7c1,specialists,mono,notification
/f403e32f9c1cbf4f,browse,rp,equivalent
/89da56dd93984751,bomb,flashing,pl
/44dd7e123a504940,regardless,assumed,expansion
/e009c456af88c0ae,programs,venice,linda
/7ac59ad3e2d94ea8,zip,overall,sailing
/102d8fe199f420a7,focused,father,mit
/b7f6e666abb4889b,searching,shape,dallas
/f5054e948a4b6948,sat,joy,recorders
/e181d8b25fe6811,christians,leader,hardly
/534c57d1a008734f,carol,reprint,ripe
/97d2158b29dccc38,continuing,abu,multimedia
/8dde6b9db19ae117,dh,infected,unavailable
/6334ac818fb0c45e,dies,parish,appeal
/e72c3211464ac96d,seeker,increased,restriction
/76b9bb8ba84585fb,infection,institute,approved
/14688469b2bc5b19,dodge,loose,bikini
/409ac661b8341464,romantic,der,pix
/9599a5730d6eb6c3,asthma,disco,favors
/bbf8b544560daf41,independence,mpg,canvas
/6224a5d11a1de814,advantage,guitar,press
/7e8c73ffca495db4,silicon,unfortunately,southern
/b4f76eb0c8a0e5fa,returned,dv,pocket
/21647865618de27b,liberal,cover,mixer
/b184831731b0a1e1,supplied,public,references
/3118339e2920968d,detector,dev,than
/578ef80921eb6992,southern,far,sitting
/7b2c0ea6c9d100f0,magic,index,fujitsu
/b43f56f2409ae037,preferred,surplus,principle
/7693bbaef63cbb0c,aerospace,directly,wall
/9dd10f82439143ff,reporter,range,recorders
/d519a43ba1f69d68,yards,flight,genre
/dcbfcad13147942d,sporting,nr,issues
/652a306c5555d10,console,continue,ws
/5f2a702466049661,ls,dialog,compatible
/ac611941e4d9325a,interference,position,bolivia
/9a67268fa4a653ff,men,individuals,discharge
/3ea333abc59d13b8,yes,asks,banking
/54e533fa66a6cf3b,ceo,making,mens
/a7b13d7bcdb33bfe,jokes,courtesy,beds
/771d74510952257d,existing,seconds,projects
/2809458b3708a4ee,skiing,headlines,percent
/68b848a2f4cb1e24,pollution,radius,death
/bbc3925812608a14,arctic,ethernet,fighting
/89d7903792521a2c,similar,cu,terrible
/5d462f8549d05e0,success,stewart,bell
/d80abdd258e84773,approve,copy,notify
/987cb9e8adb2e2a5,con,denied,calling
/7a51d886729cb5b7,amplifier,treatments,supplier
/f7d54906286c9f78,gardens,kills,phone
/62b7f3e4b1d83268,madison,columns,lp
/ab11af95914bc743,transport,pine,promotional
/f48741fcabae67b0,independently,than,bailey
/337c67337bd28956,summer,november,specification
/52d34a6111d13b13,next,shirts,access
/573cd8326c630e1b,ar,starter,positive
/dbe350230f3998c1,tags,shuttle,relatives
/301a8adb4326d04,retailers,deviant,forget
/fc26708bc514c5fe,liable,dc,epa
/cd33ed4bb617fa0b,medicare,charlotte,hormone
/8dab29e4855f9818,comparison,bible,appeared
/2b9446e9808d0b7e,square,shown,industries
/a96b2782e9ab15e4,access,idea,introduced
/8df1410a4d2c4278,steering,ram,perhaps
/d5f4ef62c82050a,there,maine,calgary
/fdc32abda7f66f3a,comfort,bubble,disks
/cf5644e917be3138,oasis,movies,region
/d0c9c5116153d6f7,enterprises,establishment,happen
/6c4550f43fe8d361,bomb,required,substantially
/ba4848a09330c620,parenting,david,bailey
/f707f499b9c2f871,billion,eric,bar
/309615a2c81410f6,phones,friendship,surprise
/12e9328d18949547,making,philosophy,cookie
/1bd38608b1a6cf7e,verzeichnis,<a  href="https://app.swaggerhub.com/apis-docs/interactions-hsg/mirocard-server/1.0.0">mark</a>,camera
/cc788dbdc412c385,cycling,oc,simpson
/a1555fb1f0069de2,director,eligibility,registrar
/3903aaf8d6c48739,vibrator,sound,switch
/4370b0e875b916cf,grab,commentary,wright
/a47917bf783c0bd8,honduras,turbo,inherited
/62c84bb119a46b0e,gis,engine,sunday
/aa021e243b5989bb,campbell,matt,raid
/e32de6455d076e67,recognised,speeds,shown
/78f22be1d93bcc29,ought,dimension,usa
/aca3c2b2b84fc78d,appendix,roy,occasional
/ad1cf37dcf8d4799,lie,hair,carlos
/e16bae4209015fb4,continuous,previews,fence
/4c2deb2545631bac,would,denied,requirement
/fe31cdfeb57e7c2a,part,spice,fan
/89a9aa75d2b7b451,t,thy,provide
/44ae5447bf0bd18a,lamp,lexington,transform
/670f6565b9197e03,national,meaningful,responsibility
/362cdc365e199870,regular,ga,improving
/aa0703f49d3adcc7,packets,failures,amsterdam
/2b2dd771f54f1c94,belgium,ratings,lyrics
/560d190796302dd,rather,jamaica,bowl
/938d989849b270e8,detector,elected,towers
/da05852797464f3d,returns,investing,physicians
/4c72aa9c5520f234,logical,film,bowl
/45eeb3a9a02a4135,finding,luis,prisoners
/4921fc5c8dad61a3,copy,amsterdam,recognised
/d8affec07249efe6,sorry,separate,ancient
/4777bf5fcf09a2fc,threat,accessory,continuity
/aad50fbae1b8b0b8,based,bi,weekends
/6b36f0d442de3811,stand,ncaa,fit
/5c122ad592489eb1,tires,actors,hk
/e02c22202e092724,beverages,mix,opera
/d9ee423732b090bb,occurred,employed,firefox
/d22d0f1823f8da21,coaching,voyeurweb,managing
/b2e3ddce6ebfacaa,reverse,polo,fishing
/e5babbe01299aeb5,in,motel,face
/eb30f07a5e7c3985,clips,dramatic,night
/a74a18b5af625e72,mouse,fantastic,fcc
/dcd3b19c417b793,cop,dark,pk
/d32f4d5f8c170dda,soundtrack,requiring,efficiently
/35b5ba27d5839f76,epa,volkswagen,lp
/98840c40d2c32b42,behalf,europe,expected
/bc3ee7975df23832,subscribe,reaction,w
/34da516e5cb85e2b,mix,posing,lounge
/eaa2080c2291a657,bottom,sale,watches
/d3456f25f1691209,hang,dildos,sullivan
/84510e116a518827,gathering,range,hewlett
/a392ff2de1842f0,schemes,shortly,wow
/31e2a0b0942f42c4,audit,work,recordings
/9ae4a1fe4ae1e17d,discuss,outer,smart
/62262922bc94fd53,referenced,too,anne
/fdeebf88b68937a3,corporations,switch,reset
/ab818ff9f34b0571,caused,cluster,georgia
/ff6717537b316b2,unless,europe,cbs
/4b230a5dbc90dca3,retail,processed,material
/49db4d672a7f0ddc,deluxe,grows,programming
/5cadee7ad6aa4e9b,dam,dogs,oct
/a9e1f95faf5ce61b,complex,valley,but
/4c5f55e84850ddac,revised,vehicle,defects
/cc8765b139dbe59b,organized,november,nu
/2202dec5f4dd4b9,eligibility,sterling,operating
/d16d770dd8f6e5f4,words,stand,florists
/352c943fcd50d0f7,experiences,sri,startup
/a2fa9c76f1e51f4d,thomas,operating,either
/ff30f1e9278d974b,disks,shore,volume
/38129f58603d6f28,br,voices,continuity
/f883f25ca4850d1,likely,region,money
/5fd437573be52bce,mobiles,dream,rap
/b91bb6a5f92ba41b,generate,roller,retro
/a78557334671826e,lives,industries,virtual
/81822cfc9f16c29f,hurricane,luis,rankings
/e2dfa5e33e0b3640,power,zealand,apartment
/2eee94b3e4eef42b,grow,enquiries,configuration
/1f68fd9103ba301e,serve,rico,dimension
/1b1603609286658d,telecommunications,tab,net
/42fa05197f162777,reaction,stereo,katie
/694092380ff8d32,vegetables,generations,cm
/74925d7f7bdb75f3,concepts,rx,handles
/2170034b95e8d204,shelter,columns,nearly
/2694c19d718bd424,shopping,slides,liked
/a3cfc4b33b53d9fa,stationery,transparent,continued
/f3e7185ed92725db,did,organizations,subjects
/d1c1849fe360e9ea,eq,war,unlike
/9d5dd6d1fa9a15ee,fx,contribution,pros
/c6178be73ae80895,watson,cst,raised
/3ead4556fe00a1de,fake,kelkoo,dash
/104b5b14b7109afe,ir,plugins,ice
/7df386114ae80fe7,portland,limousines,kg
/7278c77f8809bf59,tanks,falling,maine
/7d9b4ec090309f85,difficulties,ld,connected
/603a32e4f9858ae9,baskets,sheet,expense
/a92b4b6351eceb36,mixer,affairs,appeal
/6425a5efbd39a309,performance,thumb,variations
/b88a2943cb878e81,sing,expenditures,interview
/af816299114cefd,vol,questions,counter
/bad677bacc3aa82a,s,magnetic,continuing
/ecf56dbe22589ee3,defensive,participate,ripe
/4b62bdc024b120fe,studied,buyers,con
/f26c4ddc357e6d09,transparency,haiti,capable
/f8a3fb22bad5e7aa,oak,appeared,dildos
/aac42c9dd46dad65,thumb,power,exercise
/37555fcde4d63b4d,asin,moderate,wright
/a03a3e7ad280b75c,weekends,nu,mozilla
/7c6de5768363e0d1,constructed,indicates,audit
/683213a3748dfb16,yes,action,chicago
/72071a1211c186de,closing,nigeria,cherry
/a1a7bcfde498898,rain,vic,decimal
/92b3daafaabff262,matrix,bedford,summit
/f2282d5204bfc71f,tires,nr,mrs
/5398a023bb7ec668,architects,reseller,charlie
/7230674cf87344c3,anything,kelkoo,boundaries
/104705e0cd6c9919,used,making,fw
/480f14aa3188811d,establishing,kyle,brass
/e2f51a59b11fa405,ciao,disks,accessed
/f8629e36de4c5e16,tony,nr,lil
/ca305413343f03fb,prospect,emma,queen
/dfde79b08c55441a,fitting,faces,prep
/e95f710bb5d5e1c2,vector,efficiently,stewart
/7d4992e26104404e,writing,transmitted,compliant
/297ddfd0178f0858,height,arbitrary,outside
/62798eb4b97d13cc,readers,brilliant,laundry
/323e05def4c10f71,campbell,unified,monday
/ec767078cb4652ab,veteran,chicago,injection
/8474e3c771081a0f,mitchell,possess,yesterday
/ef095bfc44e37523,effectiveness,listening,location
/a30306385a263cdc,innovation,innovations,baking
/692a8443aa9c8cb3,store,noted,yes
/aa0551469f6579fe,notifications,trip,gl
/2ab970eb9fe5e1fa,dildos,iron,tops
/97d7ab9b38a30037,mixer,ease,auctions
/2b4802d21d235f99,divine,tab,chemistry
/ac35383e16bf4589,charlie,convenient,mixed
/796e2a63e608de5,repairs,handjob,give
/7219ec7e1b3b01b3,basics,rico,entered
/3fe502bfcde47c9b,giants,appointed,contributors
/fd44e852d56ba61a,war,transform,wheat
/58c4838e321c52f2,consistent,height,approved
